-- =============================================================================
-- Flyway Migration: V2__seed_sample_data.sql
-- Story: SH-07 / SH-08 — Complete sample data seed script
-- Description: Seed 4 departments, 16 SLA policies, 30 users, and
--              500 service requests across all categories, statuses & priorities.
-- =============================================================================


-- -----------------------------------------------------------------------------
-- DEPARTMENTS
-- -----------------------------------------------------------------------------
INSERT INTO departments (id, name, description) VALUES
  (1, 'IT Support',  'Technical support and infrastructure'),
  (2, 'HR',          'Human resources and people operations'),
  (3, 'Facilities',  'Office facilities and maintenance'),
  (4, 'Finance',     'Financial operations, budgeting, and accounting')
ON CONFLICT (id) DO NOTHING;


-- -----------------------------------------------------------------------------
-- SLA POLICIES  (4 categories × 4 priorities = 16)
-- -----------------------------------------------------------------------------
INSERT INTO sla_policies (id, category, priority, response_hours, resolution_hours) VALUES
  (1,  'IT_SUPPORT',  'HIGH',     1,  4),
  (2,  'IT_SUPPORT',  'MEDIUM',   4, 24),
  (3,  'IT_SUPPORT',  'LOW',      8, 48),
  (4,  'IT_SUPPORT',  'CRITICAL', 1,  4),
  (5,  'HR_REQUEST',  'HIGH',     2,  8),
  (6,  'HR_REQUEST',  'MEDIUM',   8, 48),
  (7,  'HR_REQUEST',  'LOW',      8, 96),
  (8,  'HR_REQUEST',  'CRITICAL', 2, 24),
  (9,  'FACILITIES',  'HIGH',     1,  8),
  (10, 'FACILITIES',  'MEDIUM',   4, 24),
  (11, 'FACILITIES',  'LOW',      8, 72),
  (12, 'FACILITIES',  'CRITICAL', 1, 12),
  (13, 'FINANCE',     'CRITICAL', 1,  8),
  (14, 'FINANCE',     'HIGH',     2, 12),
  (15, 'FINANCE',     'MEDIUM',   4, 48),
  (16, 'FINANCE',     'LOW',      8, 96)
ON CONFLICT (id) DO NOTHING;


-- -----------------------------------------------------------------------------
-- USERS  (password: password123)
-- Roles: ADMIN, AGENT, USER
-- -----------------------------------------------------------------------------
INSERT INTO users (id, email, name, password, role, department_id, created_at) VALUES
  -- ADMINs
  (1,  'admin@amalitech.com',    'Manager User',      '$2a$10$N9qo8uLOickgx2ZMRZoMyeIjZAgcfl7p92ldGxad68LJZdL17lhWy', 'ADMIN', 1,  NOW()),
  (4,  'kwame@amalitech.com',    'Kwame Adjei',       '$2a$10$N9qo8uLOickgx2ZMRZoMyeIjZAgcfl7p92ldGxad68LJZdL17lhWy', 'ADMIN', 3,  NOW()),

  -- AGENTs
  (2,  'agent@amalitech.com',    'Support Agent',     '$2a$10$N9qo8uLOickgx2ZMRZoMyeIjZAgcfl7p92ldGxad68LJZdL17lhWy', 'AGENT', 1,  NOW()),
  (5,  'carol@amalitech.com',    'Carol Mensah',      '$2a$10$N9qo8uLOickgx2ZMRZoMyeIjZAgcfl7p92ldGxad68LJZdL17lhWy', 'AGENT', 2,  NOW()),
  (6,  'dan@amalitech.com',      'Dan Osei',          '$2a$10$N9qo8uLOickgx2ZMRZoMyeIjZAgcfl7p92ldGxad68LJZdL17lhWy', 'AGENT', 3,  NOW()),
  (16, 'felix@amalitech.com',    'Felix Agyemang',    '$2a$10$N9qo8uLOickgx2ZMRZoMyeIjZAgcfl7p92ldGxad68LJZdL17lhWy', 'AGENT', 4,  NOW()),
  (17, 'priya@amalitech.com',    'Priya Sharma',      '$2a$10$N9qo8uLOickgx2ZMRZoMyeIjZAgcfl7p92ldGxad68LJZdL17lhWy', 'AGENT', 4,  NOW()),

  -- USERs
  (3,  'user@amalitech.com',     'Test User',         '$2a$10$N9qo8uLOickgx2ZMRZoMyeIjZAgcfl7p92ldGxad68LJZdL17lhWy', 'USER',  2,  NOW()),
  (7,  'eve@amalitech.com',      'Eve Addo',          '$2a$10$N9qo8uLOickgx2ZMRZoMyeIjZAgcfl7p92ldGxad68LJZdL17lhWy', 'USER',  2,  NOW()),
  (8,  'frank@amalitech.com',    'Frank Boateng',     '$2a$10$N9qo8uLOickgx2ZMRZoMyeIjZAgcfl7p92ldGxad68LJZdL17lhWy', 'USER',  1,  NOW()),
  (9,  'grace@amalitech.com',    'Grace Kim',         '$2a$10$N9qo8uLOickgx2ZMRZoMyeIjZAgcfl7p92ldGxad68LJZdL17lhWy', 'USER',  3,  NOW()),
  (10, 'henry@amalitech.com',    'Henry Asante',      '$2a$10$N9qo8uLOickgx2ZMRZoMyeIjZAgcfl7p92ldGxad68LJZdL17lhWy', 'USER',  3,  NOW()),
  (11, 'isla@amalitech.com',     'Isla Nkrumah',      '$2a$10$N9qo8uLOickgx2ZMRZoMyeIjZAgcfl7p92ldGxad68LJZdL17lhWy', 'USER',  1,  NOW()),
  (12, 'jack@amalitech.com',     'Jack Owusu',        '$2a$10$N9qo8uLOickgx2ZMRZoMyeIjZAgcfl7p92ldGxad68LJZdL17lhWy', 'USER',  1,  NOW()),
  (13, 'linda@amalitech.com',    'Linda Appiah',      '$2a$10$N9qo8uLOickgx2ZMRZoMyeIjZAgcfl7p92ldGxad68LJZdL17lhWy', 'USER',  2,  NOW()),
  (14, 'michael@amalitech.com',  'Michael Tetteh',    '$2a$10$N9qo8uLOickgx2ZMRZoMyeIjZAgcfl7p92ldGxad68LJZdL17lhWy', 'USER',  1,  NOW()),
  (15, 'olivia@amalitech.com',   'Olivia Darko',      '$2a$10$N9qo8uLOickgx2ZMRZoMyeIjZAgcfl7p92ldGxad68LJZdL17lhWy', 'USER',  3,  NOW()),
  (18, 'ben@amalitech.com',      'Ben Acquah',        '$2a$10$N9qo8uLOickgx2ZMRZoMyeIjZAgcfl7p92ldGxad68LJZdL17lhWy', 'USER',  4,  NOW()),
  (19, 'diana@amalitech.com',    'Diana Frimpong',    '$2a$10$N9qo8uLOickgx2ZMRZoMyeIjZAgcfl7p92ldGxad68LJZdL17lhWy', 'USER',  4,  NOW()),
  (20, 'ernest@amalitech.com',   'Ernest Boakye',     '$2a$10$N9qo8uLOickgx2ZMRZoMyeIjZAgcfl7p92ldGxad68LJZdL17lhWy', 'USER',  4,  NOW()),
  (21, 'faith@amalitech.com',    'Faith Asante',      '$2a$10$N9qo8uLOickgx2ZMRZoMyeIjZAgcfl7p92ldGxad68LJZdL17lhWy', 'USER',  4,  NOW()),
  (22, 'george@amalitech.com',   'George Nyarko',     '$2a$10$N9qo8uLOickgx2ZMRZoMyeIjZAgcfl7p92ldGxad68LJZdL17lhWy', 'USER',  4,  NOW()),
  (23, 'helen@amalitech.com',    'Helen Quaye',       '$2a$10$N9qo8uLOickgx2ZMRZoMyeIjZAgcfl7p92ldGxad68LJZdL17lhWy', 'USER',  4,  NOW()),
  (24, 'isaac@amalitech.com',    'Isaac Darko',       '$2a$10$N9qo8uLOickgx2ZMRZoMyeIjZAgcfl7p92ldGxad68LJZdL17lhWy', 'USER',  4,  NOW()),
  (25, 'janet@amalitech.com',    'Janet Opoku',       '$2a$10$N9qo8uLOickgx2ZMRZoMyeIjZAgcfl7p92ldGxad68LJZdL17lhWy', 'USER',  4,  NOW()),
  (26, 'kevin@amalitech.com',    'Kevin Mensah',      '$2a$10$N9qo8uLOickgx2ZMRZoMyeIjZAgcfl7p92ldGxad68LJZdL17lhWy', 'USER',  4,  NOW()),
  (27, 'laura@amalitech.com',    'Laura Tetteh',      '$2a$10$N9qo8uLOickgx2ZMRZoMyeIjZAgcfl7p92ldGxad68LJZdL17lhWy', 'USER',  4,  NOW()),
  (28, 'moses@amalitech.com',    'Moses Ankrah',      '$2a$10$N9qo8uLOickgx2ZMRZoMyeIjZAgcfl7p92ldGxad68LJZdL17lhWy', 'USER',  4,  NOW()),
  (29, 'nancy@amalitech.com',    'Nancy Poku',        '$2a$10$N9qo8uLOickgx2ZMRZoMyeIjZAgcfl7p92ldGxad68LJZdL17lhWy', 'USER',  4,  NOW()),
  (30, 'oscar@amalitech.com',    'Oscar Aidoo',       '$2a$10$N9qo8uLOickgx2ZMRZoMyeIjZAgcfl7p92ldGxad68LJZdL17lhWy', 'USER',  4,  NOW())
ON CONFLICT (id) DO NOTHING;


-- -----------------------------------------------------------------------------
-- SERVICE REQUESTS — 500 tickets (ids 31-530)
-- Covers all 4 categories including the new Finance category
-- -----------------------------------------------------------------------------
INSERT INTO service_requests (
  id, title, description,
  category, priority, status,
  requester_id, assignee_id, department_id,
  sla_hours,
  created_at, updated_at, first_response_at, resolved_at
) VALUES
  (31,
   'Revolving door stuck at main entrance',
   'Main entrance revolving door sticks intermittently. Accessibility concern for visitors.',
   'FACILITIES', 'LOW', 'ASSIGNED',
   10, 6, 3,
   48,
   NOW() - INTERVAL '48 days', NOW() - INTERVAL '6 days',
   NOW() - INTERVAL '48 days 44 hours',
   NULL),
  (32,
   'Cleaning schedule missed — Floor 2',
   'Floor 2 has not been cleaned since Monday. Bins overflowing.',
   'FACILITIES', 'MEDIUM', 'CLOSED',
   15, 6, 3,
   24,
   NOW() - INTERVAL '36 days', NOW() - INTERVAL '18 days',
   NOW() - INTERVAL '36 days 21 hours',
   NOW() - INTERVAL '11 days'),
  (33,
   'Travel policy clarification — international trips',
   'Unclear on per diem rates and approval process for upcoming Singapore audit trip.',
   'HR_REQUEST', 'LOW', 'CLOSED',
   23, 5, 2,
   48,
   NOW() - INTERVAL '14 days', NOW() - INTERVAL '10 days',
   NOW() - INTERVAL '14 days 32 hours',
   NOW() - INTERVAL '6 days'),
  (34,
   'Email quota exceeded',
   'Mailbox at 100% capacity. Emails are bouncing. Requesting quota increase.',
   'IT_SUPPORT', 'LOW', 'OPEN',
   28, NULL, 1,
   48,
   NOW() - INTERVAL '57 days', NOW() - INTERVAL '46 days',
   NULL,
   NULL),
  (35,
   'Fire extinguisher inspection overdue',
   'Fire extinguisher on Floor 2 shows last inspection date over 12 months ago.',
   'FACILITIES', 'LOW', 'ASSIGNED',
   26, 6, 3,
   48,
   NOW() - INTERVAL '29 days', NOW() - INTERVAL '28 days',
   NOW() - INTERVAL '29 days 34 hours',
   NULL),
  (36,
   'Fixed asset addition approval',
   'New asset Cisco Switch 48p (GHC 12,945) needs to be capitalised and added to fixed asset register.',
   'FINANCE', 'LOW', 'RESOLVED',
   25, 16, 4,
   48,
   NOW() - INTERVAL '4 days', NOW() - INTERVAL '3 days',
   NOW() - INTERVAL '4 days 47 hours',
   NOW() - INTERVAL '2 days'),
  (37,
   'VPN connectivity issue from remote location',
   'Unable to connect to corporate VPN. Error code 0x8007003B.',
   'IT_SUPPORT', 'CRITICAL', 'IN_PROGRESS',
   22, 2, 1,
   4,
   NOW() - INTERVAL '48 days', NOW() - INTERVAL '20 days',
   NOW() - INTERVAL '48 days 1 hours',
   NULL),
  (38,
   'Remote desktop latency extremely high',
   'RDP sessions to the office workstation have >500ms latency from home office.',
   'IT_SUPPORT', 'LOW', 'CLOSED',
   5, 2, 1,
   48,
   NOW() - INTERVAL '24 days', NOW() - INTERVAL '9 days',
   NOW() - INTERVAL '24 days 11 hours',
   NOW() - INTERVAL '7 days'),
  (39,
   'Relocation expense reimbursement',
   'Submitted relocation receipts totalling GHC 4,200 three weeks ago. Not yet reimbursed.',
   'HR_REQUEST', 'LOW', 'OPEN',
   27, NULL, 2,
   48,
   NOW() - INTERVAL '58 days', NOW() - INTERVAL '9 days',
   NULL,
   NULL),
  (40,
   'Zoom audio not working in meeting room 5A',
   'Microphone/speakers in meeting room 3B do not function with Zoom on the room PC.',
   'IT_SUPPORT', 'HIGH', 'IN_PROGRESS',
   12, 2, 1,
   8,
   NOW() - INTERVAL '15 days', NOW() - INTERVAL '0 days',
   NOW() - INTERVAL '15 days 4 hours',
   NULL),
  (41,
   'Vendor bank details update request',
   'Vendor Zenith Supplies has changed banking details. Needs update in finance system before next run.',
   'FINANCE', 'HIGH', 'ASSIGNED',
   12, 17, 4,
   8,
   NOW() - INTERVAL '21 days', NOW() - INTERVAL '12 days',
   NOW() - INTERVAL '21 days 5 hours',
   NULL),
  (42,
   'Foreign currency revaluation query',
   'USD-denominated payable shows inconsistent FX rate in ERP vs Central Bank rate for August.',
   'FINANCE', 'MEDIUM', 'RESOLVED',
   19, 17, 4,
   24,
   NOW() - INTERVAL '57 days', NOW() - INTERVAL '40 days',
   NOW() - INTERVAL '57 days 19 hours',
   NOW() - INTERVAL '12 days'),
  (43,
   'Software installation request — WinSCP',
   'Need Adobe Acrobat installed on workstation for Budget Close project.',
   'IT_SUPPORT', 'MEDIUM', 'RESOLVED',
   10, 2, 1,
   24,
   NOW() - INTERVAL '22 days', NOW() - INTERVAL '10 days',
   NOW() - INTERVAL '22 days 18 hours',
   NOW() - INTERVAL '1 days'),
  (44,
   'Wi-Fi keeps dropping in Training Room 1',
   'Wireless connection drops every 15-20 minutes in 2A. Multiple users affected.',
   'IT_SUPPORT', 'MEDIUM', 'OPEN',
   24, NULL, 1,
   24,
   NOW() - INTERVAL '35 days', NOW() - INTERVAL '1 days',
   NULL,
   NULL),
  (45,
   'Cleaning schedule missed — Floor 3',
   'Floor 4 has not been cleaned since Monday. Bins overflowing.',
   'FACILITIES', 'MEDIUM', 'ASSIGNED',
   27, 6, 3,
   24,
   NOW() - INTERVAL '50 days', NOW() - INTERVAL '23 days',
   NOW() - INTERVAL '50 days 6 hours',
   NULL),
  (46,
   'Antivirus alert — quarantined file',
   'Endpoint AV quarantined file in %APPDATA%. Need IT to verify it is a false positive.',
   'IT_SUPPORT', 'HIGH', 'IN_PROGRESS',
   20, 2, 1,
   8,
   NOW() - INTERVAL '28 days', NOW() - INTERVAL '26 days',
   NOW() - INTERVAL '28 days 5 hours',
   NULL),
  (47,
   'DNS resolution failing on finance subnet',
   'Intermittent DNS failures on the 10.20.x.x subnet since Tuesday. Affects ERP access.',
   'IT_SUPPORT', 'HIGH', 'ASSIGNED',
   23, 2, 1,
   8,
   NOW() - INTERVAL '31 days', NOW() - INTERVAL '22 days',
   NOW() - INTERVAL '31 days 7 hours',
   NULL),
  (48,
   'Broken shower in gym changing room',
   'Shower stall 3 in the gym changing room has no hot water. 6 shower users affected.',
   'FACILITIES', 'HIGH', 'OPEN',
   29, NULL, 3,
   8,
   NOW() - INTERVAL '32 days', NOW() - INTERVAL '6 days',
   NULL,
   NULL),
  (49,
   'Shared drive permissions update needed',
   'New team member needs read/write access to the Finance shared drive.',
   'IT_SUPPORT', 'HIGH', 'ASSIGNED',
   8, 2, 1,
   8,
   NOW() - INTERVAL '11 days', NOW() - INTERVAL '0 days',
   NOW() - INTERVAL '11 days 7 hours',
   NULL),
  (50,
   'Pest sighting in pantry — Floor 3',
   'Cockroach sighting in Floor 4 pantry. Requires immediate pest control.',
   'FACILITIES', 'HIGH', 'RESOLVED',
   24, 6, 3,
   8,
   NOW() - INTERVAL '2 days', NOW() - INTERVAL '0 days',
   NOW() - INTERVAL '2 days 4 hours',
   NOW() - INTERVAL '0 days'),
  (51,
   'Fixed asset addition approval',
   'New asset HP Laptop EliteBook (GHC 39,780) needs to be capitalised and added to fixed asset register.',
   'FINANCE', 'MEDIUM', 'OPEN',
   21, NULL, 4,
   24,
   NOW() - INTERVAL '24 days', NOW() - INTERVAL '19 days',
   NULL,
   NULL),
  (52,
   'Request for unpaid leave — 21 days',
   'Requesting 17 days unpaid leave for personal reasons. Manager has approved.',
   'HR_REQUEST', 'HIGH', 'CLOSED',
   11, 5, 2,
   8,
   NOW() - INTERVAL '22 days', NOW() - INTERVAL '16 days',
   NOW() - INTERVAL '22 days 5 hours',
   NOW() - INTERVAL '0 days'),
  (53,
   'Request for additional storage shelving',
   'Archive room is at capacity. Need 2 additional shelving units for Q1 document storage.',
   'FACILITIES', 'MEDIUM', 'RESOLVED',
   7, 6, 3,
   24,
   NOW() - INTERVAL '31 days', NOW() - INTERVAL '16 days',
   NOW() - INTERVAL '31 days 11 hours',
   NOW() - INTERVAL '12 days'),
  (54,
   'Fire extinguisher inspection overdue',
   'Fire extinguisher on Floor 3 shows last inspection date over 12 months ago.',
   'FACILITIES', 'MEDIUM', 'RESOLVED',
   20, 6, 3,
   24,
   NOW() - INTERVAL '15 days', NOW() - INTERVAL '14 days',
   NOW() - INTERVAL '15 days 21 hours',
   NOW() - INTERVAL '4 days'),
  (55,
   'USB-C adapter not charging laptop',
   'Provided USB-C adapter stopped charging after firmware update last week.',
   'IT_SUPPORT', 'HIGH', 'RESOLVED',
   26, 2, 1,
   8,
   NOW() - INTERVAL '41 days', NOW() - INTERVAL '6 days',
   NOW() - INTERVAL '41 days 1 hours',
   NOW() - INTERVAL '2 days'),
  (56,
   'Travel policy clarification — international trips',
   'Unclear on per diem rates and approval process for upcoming Singapore audit trip.',
   'HR_REQUEST', 'MEDIUM', 'IN_PROGRESS',
   26, 5, 2,
   24,
   NOW() - INTERVAL '31 days', NOW() - INTERVAL '1 days',
   NOW() - INTERVAL '31 days 20 hours',
   NULL),
  (57,
   'Invoice approval pending for vendor Nasco Catering',
   'Invoice #32838 from TechBridge Ltd awaiting approval since 7 days. Payment overdue.',
   'FINANCE', 'LOW', 'RESOLVED',
   22, 17, 4,
   48,
   NOW() - INTERVAL '4 days', NOW() - INTERVAL '3 days',
   NOW() - INTERVAL '4 days 18 hours',
   NOW() - INTERVAL '1 days'),
  (58,
   'Relocation expense reimbursement',
   'Submitted relocation receipts totalling GHC 4,200 three weeks ago. Not yet reimbursed.',
   'HR_REQUEST', 'LOW', 'OPEN',
   19, NULL, 2,
   48,
   NOW() - INTERVAL '50 days', NOW() - INTERVAL '23 days',
   NULL,
   NULL),
  (59,
   'Guest Wi-Fi password rotation request',
   'Monthly guest Wi-Fi password has not been updated. Current one shared publicly.',
   'FACILITIES', 'HIGH', 'RESOLVED',
   9, 6, 3,
   8,
   NOW() - INTERVAL '29 days', NOW() - INTERVAL '28 days',
   NOW() - INTERVAL '29 days 4 hours',
   NOW() - INTERVAL '13 days'),
  (60,
   'Request for employment verification letter',
   'Require a signed employment verification letter for mortgage application.',
   'HR_REQUEST', 'LOW', 'IN_PROGRESS',
   6, 5, 2,
   48,
   NOW() - INTERVAL '55 days', NOW() - INTERVAL '35 days',
   NOW() - INTERVAL '55 days 24 hours',
   NULL),
  (61,
   'Fire extinguisher inspection overdue',
   'Fire extinguisher on Floor 3 shows last inspection date over 12 months ago.',
   'FACILITIES', 'LOW', 'OPEN',
   19, NULL, 3,
   48,
   NOW() - INTERVAL '43 days', NOW() - INTERVAL '27 days',
   NULL,
   NULL),
  (62,
   'Meeting room Boardroom booking system error',
   'Meeting room Training Room 1 shows available but door is locked. Booking system out of sync.',
   'FACILITIES', 'MEDIUM', 'CLOSED',
   30, 6, 3,
   24,
   NOW() - INTERVAL '5 days', NOW() - INTERVAL '3 days',
   NOW() - INTERVAL '5 days 24 hours',
   NOW() - INTERVAL '0 days'),
  (63,
   'Corporate card transaction dispute',
   'Unrecognised charge of USD 38,532 on corporate card ending 7299. Please investigate.',
   'FINANCE', 'MEDIUM', 'RESOLVED',
   25, 16, 4,
   24,
   NOW() - INTERVAL '16 days', NOW() - INTERVAL '3 days',
   NOW() - INTERVAL '16 days 5 hours',
   NOW() - INTERVAL '2 days'),
  (64,
   'Flickering lights in corridor B',
   'Fluorescent lights in corridor D have been flickering for over a week.',
   'FACILITIES', 'HIGH', 'CLOSED',
   19, 6, 3,
   8,
   NOW() - INTERVAL '21 days', NOW() - INTERVAL '19 days',
   NOW() - INTERVAL '21 days 8 hours',
   NOW() - INTERVAL '16 days'),
  (65,
   'Pest sighting in pantry — Floor 1',
   'Cockroach sighting in Floor 5 pantry. Requires immediate pest control.',
   'FACILITIES', 'MEDIUM', 'IN_PROGRESS',
   5, 6, 3,
   24,
   NOW() - INTERVAL '36 days', NOW() - INTERVAL '24 days',
   NOW() - INTERVAL '36 days 21 hours',
   NULL),
  (66,
   'Delivery access issue — loading bay',
   'Loading bay shutter operates only manually. Scheduled deliveries cannot proceed unattended.',
   'FACILITIES', 'CRITICAL', 'RESOLVED',
   29, 6, 3,
   4,
   NOW() - INTERVAL '15 days', NOW() - INTERVAL '7 days',
   NOW() - INTERVAL '15 days 3 hours',
   NOW() - INTERVAL '7 days'),
  (67,
   'Travel policy clarification — international trips',
   'Unclear on per diem rates and approval process for upcoming Singapore audit trip.',
   'HR_REQUEST', 'MEDIUM', 'OPEN',
   10, NULL, 2,
   24,
   NOW() - INTERVAL '2 days', NOW() - INTERVAL '1 days',
   NULL,
   NULL),
  (68,
   'Query on pension contribution deduction',
   'Pension deduction on latest payslip does not match agreed contribution rate of 8%.',
   'HR_REQUEST', 'LOW', 'OPEN',
   18, NULL, 2,
   48,
   NOW() - INTERVAL '1 days', NOW() - INTERVAL '1 days',
   NULL,
   NULL),
  (69,
   'Zoom audio not working in meeting room 1D',
   'Microphone/speakers in meeting room 5A do not function with Zoom on the room PC.',
   'IT_SUPPORT', 'LOW', 'ASSIGNED',
   4, 2, 1,
   48,
   NOW() - INTERVAL '60 days', NOW() - INTERVAL '19 days',
   NOW() - INTERVAL '60 days 33 hours',
   NULL),
  (70,
   'Change of preferred name in HR system',
   'Requesting update of preferred name in the HR system and email directory.',
   'HR_REQUEST', 'HIGH', 'ASSIGNED',
   19, 5, 2,
   8,
   NOW() - INTERVAL '29 days', NOW() - INTERVAL '1 days',
   NOW() - INTERVAL '29 days 6 hours',
   NULL),
  (71,
   'Monitor not detected on docking station',
   'Dual-monitor setup stopped working after Windows update. Only one screen recognised.',
   'IT_SUPPORT', 'MEDIUM', 'CLOSED',
   6, 2, 1,
   24,
   NOW() - INTERVAL '50 days', NOW() - INTERVAL '16 days',
   NOW() - INTERVAL '50 days 23 hours',
   NOW() - INTERVAL '14 days'),
  (72,
   'Change of bank account for salary payment',
   'Need to update direct deposit bank account details effective next payroll run.',
   'HR_REQUEST', 'HIGH', 'IN_PROGRESS',
   18, 5, 2,
   8,
   NOW() - INTERVAL '53 days', NOW() - INTERVAL '36 days',
   NOW() - INTERVAL '53 days 2 hours',
   NULL),
  (73,
   'Email quota exceeded',
   'Mailbox at 100% capacity. Emails are bouncing. Requesting quota increase.',
   'IT_SUPPORT', 'HIGH', 'OPEN',
   25, NULL, 1,
   8,
   NOW() - INTERVAL '50 days', NOW() - INTERVAL '36 days',
   NULL,
   NULL),
  (74,
   'Wi-Fi keeps dropping in 4C',
   'Wireless connection drops every 15-20 minutes in Training Room 2. Multiple users affected.',
   'IT_SUPPORT', 'LOW', 'ASSIGNED',
   15, 2, 1,
   48,
   NOW() - INTERVAL '16 days', NOW() - INTERVAL '5 days',
   NOW() - INTERVAL '16 days 21 hours',
   NULL),
  (75,
   'Broken shower in gym changing room',
   'Shower stall 3 in the gym changing room has no hot water. 6 shower users affected.',
   'FACILITIES', 'MEDIUM', 'ASSIGNED',
   15, 6, 3,
   24,
   NOW() - INTERVAL '49 days', NOW() - INTERVAL '35 days',
   NOW() - INTERVAL '49 days 9 hours',
   NULL),
  (76,
   'Pest sighting in pantry — Floor 1',
   'Cockroach sighting in Floor 4 pantry. Requires immediate pest control.',
   'FACILITIES', 'LOW', 'CLOSED',
   14, 6, 3,
   48,
   NOW() - INTERVAL '44 days', NOW() - INTERVAL '7 days',
   NOW() - INTERVAL '44 days 27 hours',
   NOW() - INTERVAL '4 days'),
  (77,
   'Relocation expense reimbursement',
   'Submitted relocation receipts totalling GHC 4,200 three weeks ago. Not yet reimbursed.',
   'HR_REQUEST', 'HIGH', 'IN_PROGRESS',
   13, 5, 2,
   8,
   NOW() - INTERVAL '30 days', NOW() - INTERVAL '29 days',
   NOW() - INTERVAL '30 days 6 hours',
   NULL),
  (78,
   'Expense report reimbursement — November 2026',
   'Expense report submitted for November 2026 (total: GHC 49,586). Not yet reimbursed.',
   'FINANCE', 'LOW', 'IN_PROGRESS',
   11, 16, 4,
   48,
   NOW() - INTERVAL '7 days', NOW() - INTERVAL '3 days',
   NOW() - INTERVAL '7 days 16 hours',
   NULL),
  (79,
   'Payroll tax withholding query',
   'Tax withheld on March payslip appears higher than PAYE band. Requesting calculation sheet.',
   'FINANCE', 'CRITICAL', 'CLOSED',
   3, 17, 4,
   4,
   NOW() - INTERVAL '37 days', NOW() - INTERVAL '6 days',
   NOW() - INTERVAL '37 days 3 hours',
   NOW() - INTERVAL '2 days'),
  (80,
   'Query on pension contribution deduction',
   'Pension deduction on latest payslip does not match agreed contribution rate of 8%.',
   'HR_REQUEST', 'LOW', 'ASSIGNED',
   23, 5, 2,
   48,
   NOW() - INTERVAL '17 days', NOW() - INTERVAL '11 days',
   NOW() - INTERVAL '17 days 45 hours',
   NULL),
  (81,
   'Password reset request for Slack',
   'Locked out of SAP after multiple failed attempts. Needs immediate reset.',
   'IT_SUPPORT', 'MEDIUM', 'IN_PROGRESS',
   6, 2, 1,
   24,
   NOW() - INTERVAL '46 days', NOW() - INTERVAL '37 days',
   NOW() - INTERVAL '46 days 16 hours',
   NULL),
  (82,
   'Budget code correction on PO #8546',
   'Purchase order #1797 was coded to wrong cost centre. Requires correction before close.',
   'FINANCE', 'CRITICAL', 'IN_PROGRESS',
   26, 16, 4,
   4,
   NOW() - INTERVAL '42 days', NOW() - INTERVAL '22 days',
   NOW() - INTERVAL '42 days 1 hours',
   NULL),
  (83,
   'Workplace accommodation request',
   'Requesting ergonomic chair and footrest due to physiotherapist recommendation.',
   'HR_REQUEST', 'MEDIUM', 'RESOLVED',
   29, 5, 2,
   24,
   NOW() - INTERVAL '9 days', NOW() - INTERVAL '8 days',
   NOW() - INTERVAL '9 days 10 hours',
   NOW() - INTERVAL '3 days'),
  (84,
   'Guest Wi-Fi password rotation request',
   'Monthly guest Wi-Fi password has not been updated. Current one shared publicly.',
   'FACILITIES', 'CRITICAL', 'IN_PROGRESS',
   7, 6, 3,
   4,
   NOW() - INTERVAL '16 days', NOW() - INTERVAL '8 days',
   NOW() - INTERVAL '16 days 2 hours',
   NULL),
  (85,
   'Antivirus alert — quarantined file',
   'Endpoint AV quarantined file in %APPDATA%. Need IT to verify it is a false positive.',
   'IT_SUPPORT', 'MEDIUM', 'IN_PROGRESS',
   6, 2, 1,
   24,
   NOW() - INTERVAL '49 days', NOW() - INTERVAL '20 days',
   NOW() - INTERVAL '49 days 7 hours',
   NULL),
  (86,
   'Foreign currency revaluation query',
   'USD-denominated payable shows inconsistent FX rate in ERP vs Central Bank rate for January.',
   'FINANCE', 'HIGH', 'RESOLVED',
   18, 16, 4,
   8,
   NOW() - INTERVAL '54 days', NOW() - INTERVAL '40 days',
   NOW() - INTERVAL '54 days 4 hours',
   NOW() - INTERVAL '4 days'),
  (87,
   'Referral bonus not paid — Q1 2026',
   'I referred two successful hires in Q1 2026. Referral bonus has not been credited.',
   'HR_REQUEST', 'LOW', 'RESOLVED',
   12, 5, 2,
   48,
   NOW() - INTERVAL '42 days', NOW() - INTERVAL '41 days',
   NOW() - INTERVAL '42 days 3 hours',
   NOW() - INTERVAL '5 days'),
  (88,
   'USB-C adapter not charging laptop',
   'Provided USB-C adapter stopped charging after firmware update last week.',
   'IT_SUPPORT', 'HIGH', 'IN_PROGRESS',
   22, 2, 1,
   8,
   NOW() - INTERVAL '25 days', NOW() - INTERVAL '24 days',
   NOW() - INTERVAL '25 days 3 hours',
   NULL),
  (89,
   'Software installation request — Notepad++',
   'Need Notepad++ installed on workstation for Rebrand project.',
   'IT_SUPPORT', 'LOW', 'ASSIGNED',
   14, 2, 1,
   48,
   NOW() - INTERVAL '7 days', NOW() - INTERVAL '2 days',
   NOW() - INTERVAL '7 days 6 hours',
   NULL),
  (90,
   'Performance review scheduling',
   'Annual performance review still not scheduled. HR deadline is end of month.',
   'HR_REQUEST', 'LOW', 'ASSIGNED',
   10, 5, 2,
   48,
   NOW() - INTERVAL '39 days', NOW() - INTERVAL '39 days',
   NOW() - INTERVAL '39 days 13 hours',
   NULL),
  (91,
   'Duplicate payment detected — vendor Accra IT Hub',
   'Invoice #66420 was paid twice on 2026-03-31. Total duplicate: GHC 17,456. Recovery needed.',
   'FINANCE', 'MEDIUM', 'RESOLVED',
   19, 17, 4,
   24,
   NOW() - INTERVAL '54 days', NOW() - INTERVAL '44 days',
   NOW() - INTERVAL '54 days 3 hours',
   NOW() - INTERVAL '26 days'),
  (92,
   'Shared drive permissions update needed',
   'New team member needs read/write access to the Finance shared drive.',
   'IT_SUPPORT', 'HIGH', 'IN_PROGRESS',
   27, 2, 1,
   8,
   NOW() - INTERVAL '29 days', NOW() - INTERVAL '11 days',
   NOW() - INTERVAL '29 days 7 hours',
   NULL),
  (93,
   'Flickering lights in corridor D',
   'Fluorescent lights in corridor C have been flickering for over a week.',
   'FACILITIES', 'MEDIUM', 'IN_PROGRESS',
   19, 6, 3,
   24,
   NOW() - INTERVAL '52 days', NOW() - INTERVAL '25 days',
   NOW() - INTERVAL '52 days 21 hours',
   NULL),
  (94,
   'Revolving door stuck at main entrance',
   'Main entrance revolving door sticks intermittently. Accessibility concern for visitors.',
   'FACILITIES', 'HIGH', 'ASSIGNED',
   10, 6, 3,
   8,
   NOW() - INTERVAL '8 days', NOW() - INTERVAL '2 days',
   NOW() - INTERVAL '8 days 6 hours',
   NULL),
  (95,
   'Email quota exceeded',
   'Mailbox at 100% capacity. Emails are bouncing. Requesting quota increase.',
   'IT_SUPPORT', 'MEDIUM', 'RESOLVED',
   10, 2, 1,
   24,
   NOW() - INTERVAL '3 days', NOW() - INTERVAL '2 days',
   NOW() - INTERVAL '3 days 8 hours',
   NOW() - INTERVAL '2 days'),
  (96,
   'Laptop battery draining too fast',
   'Battery lasts less than 2 hours on a full charge. Device is 18 months old.',
   'IT_SUPPORT', 'LOW', 'ASSIGNED',
   4, 2, 1,
   48,
   NOW() - INTERVAL '35 days', NOW() - INTERVAL '17 days',
   NOW() - INTERVAL '35 days 39 hours',
   NULL),
  (97,
   'Zoom audio not working in meeting room 5A',
   'Microphone/speakers in meeting room 1D do not function with Zoom on the room PC.',
   'IT_SUPPORT', 'HIGH', 'RESOLVED',
   28, 2, 1,
   8,
   NOW() - INTERVAL '41 days', NOW() - INTERVAL '22 days',
   NOW() - INTERVAL '41 days 2 hours',
   NOW() - INTERVAL '17 days'),
  (98,
   'Query on pension contribution deduction',
   'Pension deduction on latest payslip does not match agreed contribution rate of 8%.',
   'HR_REQUEST', 'HIGH', 'ASSIGNED',
   25, 5, 2,
   8,
   NOW() - INTERVAL '46 days', NOW() - INTERVAL '6 days',
   NOW() - INTERVAL '46 days 1 hours',
   NULL),
  (99,
   'Software installation request — AutoCAD',
   'Need Power BI installed on workstation for Budget Close project.',
   'IT_SUPPORT', 'HIGH', 'CLOSED',
   24, 2, 1,
   8,
   NOW() - INTERVAL '56 days', NOW() - INTERVAL '13 days',
   NOW() - INTERVAL '56 days 2 hours',
   NOW() - INTERVAL '1 days'),
  (100,
   'Expense report reimbursement — October 2026',
   'Expense report submitted for February 2026 (total: GHC 30,212). Not yet reimbursed.',
   'FINANCE', 'MEDIUM', 'IN_PROGRESS',
   26, 16, 4,
   24,
   NOW() - INTERVAL '49 days', NOW() - INTERVAL '30 days',
   NOW() - INTERVAL '49 days 3 hours',
   NULL),
  (101,
   'Revolving door stuck at main entrance',
   'Main entrance revolving door sticks intermittently. Accessibility concern for visitors.',
   'FACILITIES', 'LOW', 'RESOLVED',
   26, 6, 3,
   48,
   NOW() - INTERVAL '8 days', NOW() - INTERVAL '0 days',
   NOW() - INTERVAL '8 days 46 hours',
   NOW() - INTERVAL '0 days'),
  (102,
   'Wi-Fi keeps dropping in Boardroom',
   'Wireless connection drops every 15-20 minutes in 5A. Multiple users affected.',
   'IT_SUPPORT', 'HIGH', 'ASSIGNED',
   20, 2, 1,
   8,
   NOW() - INTERVAL '25 days', NOW() - INTERVAL '4 days',
   NOW() - INTERVAL '25 days 3 hours',
   NULL),
  (103,
   'Corporate card transaction dispute',
   'Unrecognised charge of USD 17,604 on corporate card ending 4879. Please investigate.',
   'FINANCE', 'CRITICAL', 'RESOLVED',
   28, 16, 4,
   4,
   NOW() - INTERVAL '10 days', NOW() - INTERVAL '0 days',
   NOW() - INTERVAL '10 days 4 hours',
   NOW() - INTERVAL '0 days'),
  (104,
   'Corporate card transaction dispute',
   'Unrecognised charge of USD 17,550 on corporate card ending 1802. Please investigate.',
   'FINANCE', 'CRITICAL', 'IN_PROGRESS',
   28, 17, 4,
   4,
   NOW() - INTERVAL '21 days', NOW() - INTERVAL '14 days',
   NOW() - INTERVAL '21 days 3 hours',
   NULL),
  (105,
   'Invoice approval pending for vendor Nasco Catering',
   'Invoice #46042 from Kofi & Sons awaiting approval since 7 days. Payment overdue.',
   'FINANCE', 'LOW', 'CLOSED',
   19, 16, 4,
   48,
   NOW() - INTERVAL '7 days', NOW() - INTERVAL '7 days',
   NOW() - INTERVAL '7 days 7 hours',
   NOW() - INTERVAL '2 days'),
  (106,
   'Air conditioning too cold in section E5',
   'Temperature in section A1 consistently 17°C. Multiple employees uncomfortable.',
   'FACILITIES', 'MEDIUM', 'RESOLVED',
   20, 6, 3,
   24,
   NOW() - INTERVAL '57 days', NOW() - INTERVAL '35 days',
   NOW() - INTERVAL '57 days 16 hours',
   NOW() - INTERVAL '3 days'),
  (107,
   'VAT refund application status',
   'VAT refund application ref R-002 submitted 21 days ago. No update received from GRA.',
   'FINANCE', 'CRITICAL', 'OPEN',
   10, NULL, 4,
   4,
   NOW() - INTERVAL '37 days', NOW() - INTERVAL '24 days',
   NULL,
   NULL),
  (108,
   'Invoice approval pending for vendor Kofi & Sons',
   'Invoice #84127 from Kofi & Sons awaiting approval since 7 days. Payment overdue.',
   'FINANCE', 'HIGH', 'CLOSED',
   14, 16, 4,
   8,
   NOW() - INTERVAL '24 days', NOW() - INTERVAL '22 days',
   NOW() - INTERVAL '24 days 7 hours',
   NOW() - INTERVAL '18 days'),
  (109,
   'Revolving door stuck at main entrance',
   'Main entrance revolving door sticks intermittently. Accessibility concern for visitors.',
   'FACILITIES', 'LOW', 'CLOSED',
   8, 6, 3,
   48,
   NOW() - INTERVAL '53 days', NOW() - INTERVAL '45 days',
   NOW() - INTERVAL '53 days 43 hours',
   NOW() - INTERVAL '40 days'),
  (110,
   'Month-end accrual entry approval',
   'Accrual journal entry JE-P-1141 for GHC 42,324 awaiting CFO approval. Deadline today.',
   'FINANCE', 'LOW', 'OPEN',
   5, NULL, 4,
   48,
   NOW() - INTERVAL '22 days', NOW() - INTERVAL '19 days',
   NULL,
   NULL),
  (111,
   'Password reset request for GitHub',
   'Locked out of SAP after multiple failed attempts. Needs immediate reset.',
   'IT_SUPPORT', 'LOW', 'CLOSED',
   12, 2, 1,
   48,
   NOW() - INTERVAL '31 days', NOW() - INTERVAL '31 days',
   NOW() - INTERVAL '31 days 43 hours',
   NOW() - INTERVAL '16 days'),
  (112,
   'Overtime approval for budget close week',
   'Requesting pre-approval for overtime during month-end close 2026-03-28 to 2026-03-31.',
   'HR_REQUEST', 'HIGH', 'OPEN',
   23, NULL, 2,
   8,
   NOW() - INTERVAL '58 days', NOW() - INTERVAL '33 days',
   NULL,
   NULL),
  (113,
   'Pest sighting in pantry — Floor 5',
   'Cockroach sighting in Floor 1 pantry. Requires immediate pest control.',
   'FACILITIES', 'CRITICAL', 'OPEN',
   6, NULL, 3,
   4,
   NOW() - INTERVAL '37 days', NOW() - INTERVAL '6 days',
   NULL,
   NULL),
  (114,
   'Corporate card transaction dispute',
   'Unrecognised charge of USD 38,961 on corporate card ending 3909. Please investigate.',
   'FINANCE', 'MEDIUM', 'CLOSED',
   11, 17, 4,
   24,
   NOW() - INTERVAL '39 days', NOW() - INTERVAL '5 days',
   NOW() - INTERVAL '39 days 7 hours',
   NOW() - INTERVAL '3 days'),
  (115,
   'Flickering lights in corridor C',
   'Fluorescent lights in corridor C have been flickering for over a week.',
   'FACILITIES', 'MEDIUM', 'CLOSED',
   11, 6, 3,
   24,
   NOW() - INTERVAL '19 days', NOW() - INTERVAL '0 days',
   NOW() - INTERVAL '19 days 13 hours',
   NOW() - INTERVAL '0 days'),
  (116,
   'Request for additional storage shelving',
   'Archive room is at capacity. Need 2 additional shelving units for Q1 document storage.',
   'FACILITIES', 'MEDIUM', 'ASSIGNED',
   6, 6, 3,
   24,
   NOW() - INTERVAL '5 days', NOW() - INTERVAL '2 days',
   NOW() - INTERVAL '5 days 9 hours',
   NULL),
  (117,
   'Remote work arrangement approval',
   'Requesting formal WFH arrangement (3 days/week). Team lead has verbally approved.',
   'HR_REQUEST', 'HIGH', 'RESOLVED',
   22, 5, 2,
   8,
   NOW() - INTERVAL '44 days', NOW() - INTERVAL '21 days',
   NOW() - INTERVAL '44 days 2 hours',
   NOW() - INTERVAL '7 days'),
  (118,
   'Pest sighting in pantry — Floor 4',
   'Cockroach sighting in Floor 1 pantry. Requires immediate pest control.',
   'FACILITIES', 'LOW', 'RESOLVED',
   3, 6, 3,
   48,
   NOW() - INTERVAL '18 days', NOW() - INTERVAL '6 days',
   NOW() - INTERVAL '18 days 11 hours',
   NOW() - INTERVAL '4 days'),
  (119,
   'Overtime approval for budget close week',
   'Requesting pre-approval for overtime during month-end close 2026-03-28 to 2026-03-31.',
   'HR_REQUEST', 'MEDIUM', 'IN_PROGRESS',
   26, 5, 2,
   24,
   NOW() - INTERVAL '22 days', NOW() - INTERVAL '15 days',
   NOW() - INTERVAL '22 days 12 hours',
   NULL),
  (120,
   'Broken socket in workstation bay B-07',
   'Power socket at bay A-12 is not working. Extension lead being used as workaround.',
   'FACILITIES', 'HIGH', 'ASSIGNED',
   24, 6, 3,
   8,
   NOW() - INTERVAL '27 days', NOW() - INTERVAL '26 days',
   NOW() - INTERVAL '27 days 2 hours',
   NULL),
  (121,
   'VAT refund application status',
   'VAT refund application ref R-001 submitted 21 days ago. No update received from GRA.',
   'FINANCE', 'LOW', 'IN_PROGRESS',
   6, 16, 4,
   48,
   NOW() - INTERVAL '56 days', NOW() - INTERVAL '2 days',
   NOW() - INTERVAL '56 days 19 hours',
   NULL),
  (122,
   'Performance review scheduling',
   'Annual performance review still not scheduled. HR deadline is end of month.',
   'HR_REQUEST', 'MEDIUM', 'RESOLVED',
   24, 5, 2,
   24,
   NOW() - INTERVAL '56 days', NOW() - INTERVAL '43 days',
   NOW() - INTERVAL '56 days 24 hours',
   NOW() - INTERVAL '8 days'),
  (123,
   'Password reset request for Slack',
   'Locked out of Slack after multiple failed attempts. Needs immediate reset.',
   'IT_SUPPORT', 'LOW', 'RESOLVED',
   15, 2, 1,
   48,
   NOW() - INTERVAL '6 days', NOW() - INTERVAL '3 days',
   NOW() - INTERVAL '6 days 29 hours',
   NOW() - INTERVAL '3 days'),
  (124,
   'Budget code correction on PO #1761',
   'Purchase order #3845 was coded to wrong cost centre. Requires correction before close.',
   'FINANCE', 'LOW', 'IN_PROGRESS',
   27, 16, 4,
   48,
   NOW() - INTERVAL '3 days', NOW() - INTERVAL '1 days',
   NOW() - INTERVAL '3 days 32 hours',
   NULL),
  (125,
   'Meeting room 4C booking system error',
   'Meeting room Boardroom shows available but door is locked. Booking system out of sync.',
   'FACILITIES', 'MEDIUM', 'ASSIGNED',
   15, 6, 3,
   24,
   NOW() - INTERVAL '39 days', NOW() - INTERVAL '15 days',
   NOW() - INTERVAL '39 days 9 hours',
   NULL),
  (126,
   'USB-C adapter not charging laptop',
   'Provided USB-C adapter stopped charging after firmware update last week.',
   'IT_SUPPORT', 'MEDIUM', 'OPEN',
   4, NULL, 1,
   24,
   NOW() - INTERVAL '13 days', NOW() - INTERVAL '4 days',
   NULL,
   NULL),
  (127,
   'Vendor bank details update request',
   'Vendor Nasco Catering has changed banking details. Needs update in finance system before next run.',
   'FINANCE', 'LOW', 'ASSIGNED',
   26, 16, 4,
   48,
   NOW() - INTERVAL '12 days', NOW() - INTERVAL '2 days',
   NOW() - INTERVAL '12 days 48 hours',
   NULL),
  (128,
   'Laptop battery draining too fast',
   'Battery lasts less than 2 hours on a full charge. Device is 18 months old.',
   'IT_SUPPORT', 'LOW', 'ASSIGNED',
   14, 2, 1,
   48,
   NOW() - INTERVAL '14 days', NOW() - INTERVAL '12 days',
   NOW() - INTERVAL '14 days 40 hours',
   NULL),
  (129,
   'Air conditioning too cold in section A1',
   'Temperature in section D4 consistently 17°C. Multiple employees uncomfortable.',
   'FACILITIES', 'LOW', 'RESOLVED',
   6, 6, 3,
   48,
   NOW() - INTERVAL '35 days', NOW() - INTERVAL '27 days',
   NOW() - INTERVAL '35 days 42 hours',
   NOW() - INTERVAL '26 days'),
  (130,
   'Meeting room 1D booking system error',
   'Meeting room 3B shows available but door is locked. Booking system out of sync.',
   'FACILITIES', 'MEDIUM', 'OPEN',
   29, NULL, 3,
   24,
   NOW() - INTERVAL '60 days', NOW() - INTERVAL '28 days',
   NULL,
   NULL),
  (131,
   'Fire extinguisher inspection overdue',
   'Fire extinguisher on Floor 5 shows last inspection date over 12 months ago.',
   'FACILITIES', 'MEDIUM', 'OPEN',
   29, NULL, 3,
   24,
   NOW() - INTERVAL '60 days', NOW() - INTERVAL '35 days',
   NULL,
   NULL),
  (132,
   'Password reset request for SAP',
   'Locked out of GitHub after multiple failed attempts. Needs immediate reset.',
   'IT_SUPPORT', 'HIGH', 'CLOSED',
   19, 2, 1,
   8,
   NOW() - INTERVAL '23 days', NOW() - INTERVAL '9 days',
   NOW() - INTERVAL '23 days 8 hours',
   NOW() - INTERVAL '8 days'),
  (133,
   'Cleaning schedule missed — Floor 2',
   'Floor 3 has not been cleaned since Monday. Bins overflowing.',
   'FACILITIES', 'HIGH', 'OPEN',
   8, NULL, 3,
   8,
   NOW() - INTERVAL '12 days', NOW() - INTERVAL '9 days',
   NULL,
   NULL),
  (134,
   'Change of bank account for salary payment',
   'Need to update direct deposit bank account details effective next payroll run.',
   'HR_REQUEST', 'HIGH', 'IN_PROGRESS',
   20, 5, 2,
   8,
   NOW() - INTERVAL '33 days', NOW() - INTERVAL '8 days',
   NOW() - INTERVAL '33 days 8 hours',
   NULL),
  (135,
   'Browser extension blocking internal portal',
   'Chrome extension appears to block the internal finance portal. Need IT guidance.',
   'IT_SUPPORT', 'LOW', 'ASSIGNED',
   15, 2, 1,
   48,
   NOW() - INTERVAL '57 days', NOW() - INTERVAL '46 days',
   NOW() - INTERVAL '57 days 47 hours',
   NULL),
  (136,
   'Delivery access issue — loading bay',
   'Loading bay shutter operates only manually. Scheduled deliveries cannot proceed unattended.',
   'FACILITIES', 'HIGH', 'IN_PROGRESS',
   29, 6, 3,
   8,
   NOW() - INTERVAL '6 days', NOW() - INTERVAL '3 days',
   NOW() - INTERVAL '6 days 3 hours',
   NULL),
  (137,
   'Email quota exceeded',
   'Mailbox at 100% capacity. Emails are bouncing. Requesting quota increase.',
   'IT_SUPPORT', 'MEDIUM', 'IN_PROGRESS',
   11, 2, 1,
   24,
   NOW() - INTERVAL '37 days', NOW() - INTERVAL '23 days',
   NOW() - INTERVAL '37 days 20 hours',
   NULL),
  (138,
   'Sick leave balance incorrect',
   'Portal shows 0 sick days remaining but I have only used 3 of the 10 allotted days.',
   'HR_REQUEST', 'MEDIUM', 'RESOLVED',
   15, 5, 2,
   24,
   NOW() - INTERVAL '46 days', NOW() - INTERVAL '38 days',
   NOW() - INTERVAL '46 days 2 hours',
   NOW() - INTERVAL '11 days'),
  (139,
   'Air conditioning too cold in section D4',
   'Temperature in section D4 consistently 17°C. Multiple employees uncomfortable.',
   'FACILITIES', 'LOW', 'IN_PROGRESS',
   6, 6, 3,
   48,
   NOW() - INTERVAL '33 days', NOW() - INTERVAL '18 days',
   NOW() - INTERVAL '33 days 22 hours',
   NULL),
  (140,
   'Contract renewal inquiry',
   'Fixed-term contract ends 2026-06-30. Requesting confirmation of renewal or next steps.',
   'HR_REQUEST', 'MEDIUM', 'CLOSED',
   11, 5, 2,
   24,
   NOW() - INTERVAL '48 days', NOW() - INTERVAL '43 days',
   NOW() - INTERVAL '48 days 7 hours',
   NOW() - INTERVAL '31 days'),
  (141,
   'Vendor bank details update request',
   'Vendor TechBridge Ltd has changed banking details. Needs update in finance system before next run.',
   'FINANCE', 'LOW', 'ASSIGNED',
   26, 16, 4,
   48,
   NOW() - INTERVAL '30 days', NOW() - INTERVAL '3 days',
   NOW() - INTERVAL '30 days 45 hours',
   NULL),
  (142,
   'Zoom audio not working in meeting room Boardroom',
   'Microphone/speakers in meeting room Boardroom do not function with Zoom on the room PC.',
   'IT_SUPPORT', 'CRITICAL', 'OPEN',
   30, NULL, 1,
   4,
   NOW() - INTERVAL '1 days', NOW() - INTERVAL '0 days',
   NULL,
   NULL),
  (143,
   'Sick leave balance incorrect',
   'Portal shows 0 sick days remaining but I have only used 3 of the 10 allotted days.',
   'HR_REQUEST', 'MEDIUM', 'RESOLVED',
   19, 5, 2,
   24,
   NOW() - INTERVAL '25 days', NOW() - INTERVAL '19 days',
   NOW() - INTERVAL '25 days 10 hours',
   NOW() - INTERVAL '14 days'),
  (144,
   'Browser extension blocking internal portal',
   'Chrome extension appears to block the internal finance portal. Need IT guidance.',
   'IT_SUPPORT', 'HIGH', 'IN_PROGRESS',
   5, 2, 1,
   8,
   NOW() - INTERVAL '17 days', NOW() - INTERVAL '4 days',
   NOW() - INTERVAL '17 days 2 hours',
   NULL),
  (145,
   'Laptop battery draining too fast',
   'Battery lasts less than 2 hours on a full charge. Device is 18 months old.',
   'IT_SUPPORT', 'LOW', 'IN_PROGRESS',
   29, 2, 1,
   48,
   NOW() - INTERVAL '23 days', NOW() - INTERVAL '9 days',
   NOW() - INTERVAL '23 days 31 hours',
   NULL),
  (146,
   'Flickering lights in corridor C',
   'Fluorescent lights in corridor A have been flickering for over a week.',
   'FACILITIES', 'MEDIUM', 'ASSIGNED',
   24, 6, 3,
   24,
   NOW() - INTERVAL '13 days', NOW() - INTERVAL '5 days',
   NOW() - INTERVAL '13 days 1 hours',
   NULL),
  (147,
   'Payroll tax withholding query',
   'Tax withheld on March payslip appears higher than PAYE band. Requesting calculation sheet.',
   'FINANCE', 'HIGH', 'IN_PROGRESS',
   19, 16, 4,
   8,
   NOW() - INTERVAL '48 days', NOW() - INTERVAL '2 days',
   NOW() - INTERVAL '48 days 4 hours',
   NULL),
  (148,
   'DNS resolution failing on finance subnet',
   'Intermittent DNS failures on the 10.20.x.x subnet since Tuesday. Affects ERP access.',
   'IT_SUPPORT', 'MEDIUM', 'RESOLVED',
   13, 2, 1,
   24,
   NOW() - INTERVAL '4 days', NOW() - INTERVAL '2 days',
   NOW() - INTERVAL '4 days 21 hours',
   NOW() - INTERVAL '0 days'),
  (149,
   'Workplace accommodation request',
   'Requesting ergonomic chair and footrest due to physiotherapist recommendation.',
   'HR_REQUEST', 'MEDIUM', 'RESOLVED',
   21, 5, 2,
   24,
   NOW() - INTERVAL '47 days', NOW() - INTERVAL '11 days',
   NOW() - INTERVAL '47 days 1 hours',
   NOW() - INTERVAL '9 days'),
  (150,
   'Fire extinguisher inspection overdue',
   'Fire extinguisher on Floor 5 shows last inspection date over 12 months ago.',
   'FACILITIES', 'LOW', 'IN_PROGRESS',
   24, 6, 3,
   48,
   NOW() - INTERVAL '1 days', NOW() - INTERVAL '0 days',
   NOW() - INTERVAL '1 days 42 hours',
   NULL),
  (151,
   'Wi-Fi keeps dropping in Boardroom',
   'Wireless connection drops every 15-20 minutes in 2A. Multiple users affected.',
   'IT_SUPPORT', 'LOW', 'IN_PROGRESS',
   13, 2, 1,
   48,
   NOW() - INTERVAL '35 days', NOW() - INTERVAL '28 days',
   NOW() - INTERVAL '35 days 23 hours',
   NULL),
  (152,
   'Request for employment verification letter',
   'Require a signed employment verification letter for mortgage application.',
   'HR_REQUEST', 'LOW', 'ASSIGNED',
   23, 5, 2,
   48,
   NOW() - INTERVAL '15 days', NOW() - INTERVAL '8 days',
   NOW() - INTERVAL '15 days 20 hours',
   NULL),
  (153,
   'Password reset request for Salesforce',
   'Locked out of ERP Portal after multiple failed attempts. Needs immediate reset.',
   'IT_SUPPORT', 'LOW', 'RESOLVED',
   15, 2, 1,
   48,
   NOW() - INTERVAL '49 days', NOW() - INTERVAL '38 days',
   NOW() - INTERVAL '49 days 37 hours',
   NOW() - INTERVAL '32 days'),
  (154,
   'Month-end accrual entry approval',
   'Accrual journal entry JE-P-1141 for GHC 34,792 awaiting CFO approval. Deadline today.',
   'FINANCE', 'LOW', 'RESOLVED',
   18, 17, 4,
   48,
   NOW() - INTERVAL '23 days', NOW() - INTERVAL '6 days',
   NOW() - INTERVAL '23 days 21 hours',
   NOW() - INTERVAL '2 days'),
  (155,
   'Broken window blind in office 1D',
   'Blind in office 3B is stuck and cannot be adjusted. Sun glare affects screens.',
   'FACILITIES', 'MEDIUM', 'RESOLVED',
   7, 6, 3,
   24,
   NOW() - INTERVAL '25 days', NOW() - INTERVAL '18 days',
   NOW() - INTERVAL '25 days 22 hours',
   NOW() - INTERVAL '16 days'),
  (156,
   'Query on pension contribution deduction',
   'Pension deduction on latest payslip does not match agreed contribution rate of 8%.',
   'HR_REQUEST', 'MEDIUM', 'ASSIGNED',
   14, 5, 2,
   24,
   NOW() - INTERVAL '23 days', NOW() - INTERVAL '20 days',
   NOW() - INTERVAL '23 days 10 hours',
   NULL),
  (157,
   'Air conditioning too cold in section B2',
   'Temperature in section E5 consistently 17°C. Multiple employees uncomfortable.',
   'FACILITIES', 'HIGH', 'CLOSED',
   18, 6, 3,
   8,
   NOW() - INTERVAL '42 days', NOW() - INTERVAL '36 days',
   NOW() - INTERVAL '42 days 3 hours',
   NOW() - INTERVAL '20 days'),
  (158,
   'Referral bonus not paid — Q1 2026',
   'I referred two successful hires in Q1 2026. Referral bonus has not been credited.',
   'HR_REQUEST', 'LOW', 'ASSIGNED',
   4, 5, 2,
   48,
   NOW() - INTERVAL '49 days', NOW() - INTERVAL '0 days',
   NOW() - INTERVAL '49 days 18 hours',
   NULL),
  (159,
   'Travel policy clarification — international trips',
   'Unclear on per diem rates and approval process for upcoming Singapore audit trip.',
   'HR_REQUEST', 'HIGH', 'RESOLVED',
   12, 5, 2,
   8,
   NOW() - INTERVAL '11 days', NOW() - INTERVAL '6 days',
   NOW() - INTERVAL '11 days 5 hours',
   NOW() - INTERVAL '4 days'),
  (160,
   'USB-C adapter not charging laptop',
   'Provided USB-C adapter stopped charging after firmware update last week.',
   'IT_SUPPORT', 'LOW', 'ASSIGNED',
   26, 2, 1,
   48,
   NOW() - INTERVAL '11 days', NOW() - INTERVAL '2 days',
   NOW() - INTERVAL '11 days 12 hours',
   NULL),
  (161,
   'Remote desktop latency extremely high',
   'RDP sessions to the office workstation have >500ms latency from home office.',
   'IT_SUPPORT', 'MEDIUM', 'OPEN',
   4, NULL, 1,
   24,
   NOW() - INTERVAL '43 days', NOW() - INTERVAL '36 days',
   NULL,
   NULL),
  (162,
   'Two-factor auth app lost — phone replaced',
   'Got a new phone and lost access to authenticator. Need 2FA reset on SSO account.',
   'IT_SUPPORT', 'LOW', 'IN_PROGRESS',
   25, 2, 1,
   48,
   NOW() - INTERVAL '31 days', NOW() - INTERVAL '18 days',
   NOW() - INTERVAL '31 days 28 hours',
   NULL),
  (163,
   'Referral bonus not paid — Q1 2026',
   'I referred two successful hires in Q1 2026. Referral bonus has not been credited.',
   'HR_REQUEST', 'MEDIUM', 'OPEN',
   26, NULL, 2,
   24,
   NOW() - INTERVAL '22 days', NOW() - INTERVAL '10 days',
   NULL,
   NULL),
  (164,
   'Request for unpaid leave — 3 days',
   'Requesting 19 days unpaid leave for personal reasons. Manager has approved.',
   'HR_REQUEST', 'MEDIUM', 'CLOSED',
   29, 5, 2,
   24,
   NOW() - INTERVAL '46 days', NOW() - INTERVAL '20 days',
   NOW() - INTERVAL '46 days 23 hours',
   NOW() - INTERVAL '1 days'),
  (165,
   'Laptop battery draining too fast',
   'Battery lasts less than 2 hours on a full charge. Device is 18 months old.',
   'IT_SUPPORT', 'CRITICAL', 'RESOLVED',
   24, 2, 1,
   4,
   NOW() - INTERVAL '22 days', NOW() - INTERVAL '14 days',
   NOW() - INTERVAL '22 days 1 hours',
   NOW() - INTERVAL '1 days'),
  (166,
   'Invoice approval pending for vendor TechBridge Ltd',
   'Invoice #69412 from TechBridge Ltd awaiting approval since 5 days. Payment overdue.',
   'FINANCE', 'MEDIUM', 'OPEN',
   3, NULL, 4,
   24,
   NOW() - INTERVAL '31 days', NOW() - INTERVAL '3 days',
   NULL,
   NULL),
  (167,
   'Password reset request for SAP',
   'Locked out of Salesforce after multiple failed attempts. Needs immediate reset.',
   'IT_SUPPORT', 'MEDIUM', 'CLOSED',
   12, 2, 1,
   24,
   NOW() - INTERVAL '39 days', NOW() - INTERVAL '36 days',
   NOW() - INTERVAL '39 days 5 hours',
   NOW() - INTERVAL '32 days'),
  (168,
   'VAT refund application status',
   'VAT refund application ref P-2208 submitted 4 days ago. No update received from GRA.',
   'FINANCE', 'LOW', 'OPEN',
   24, NULL, 4,
   48,
   NOW() - INTERVAL '50 days', NOW() - INTERVAL '24 days',
   NULL,
   NULL),
  (169,
   'Request for additional storage shelving',
   'Archive room is at capacity. Need 2 additional shelving units for Q1 document storage.',
   'FACILITIES', 'HIGH', 'IN_PROGRESS',
   12, 6, 3,
   8,
   NOW() - INTERVAL '16 days', NOW() - INTERVAL '13 days',
   NOW() - INTERVAL '16 days 7 hours',
   NULL),
  (170,
   'Corporate card transaction dispute',
   'Unrecognised charge of USD 48,591 on corporate card ending 8687. Please investigate.',
   'FINANCE', 'MEDIUM', 'ASSIGNED',
   18, 16, 4,
   24,
   NOW() - INTERVAL '37 days', NOW() - INTERVAL '31 days',
   NOW() - INTERVAL '37 days 24 hours',
   NULL),
  (171,
   'Contract renewal inquiry',
   'Fixed-term contract ends 2026-06-30. Requesting confirmation of renewal or next steps.',
   'HR_REQUEST', 'MEDIUM', 'CLOSED',
   12, 5, 2,
   24,
   NOW() - INTERVAL '11 days', NOW() - INTERVAL '0 days',
   NOW() - INTERVAL '11 days 23 hours',
   NOW() - INTERVAL '0 days'),
  (172,
   'Pest sighting in pantry — Floor 5',
   'Cockroach sighting in Floor 2 pantry. Requires immediate pest control.',
   'FACILITIES', 'HIGH', 'ASSIGNED',
   5, 6, 3,
   8,
   NOW() - INTERVAL '39 days', NOW() - INTERVAL '9 days',
   NOW() - INTERVAL '39 days 8 hours',
   NULL),
  (173,
   'Pest sighting in pantry — Floor 5',
   'Cockroach sighting in Floor 2 pantry. Requires immediate pest control.',
   'FACILITIES', 'CRITICAL', 'IN_PROGRESS',
   25, 6, 3,
   4,
   NOW() - INTERVAL '22 days', NOW() - INTERVAL '8 days',
   NOW() - INTERVAL '22 days 3 hours',
   NULL),
  (174,
   'Petty cash reconciliation discrepancy',
   'Petty cash box shows GHC 7,269 variance. Receipts attached. Needs finance sign-off.',
   'FINANCE', 'LOW', 'RESOLVED',
   25, 16, 4,
   48,
   NOW() - INTERVAL '58 days', NOW() - INTERVAL '7 days',
   NOW() - INTERVAL '58 days 45 hours',
   NOW() - INTERVAL '2 days'),
  (175,
   'Wi-Fi keeps dropping in Boardroom',
   'Wireless connection drops every 15-20 minutes in 5A. Multiple users affected.',
   'IT_SUPPORT', 'LOW', 'RESOLVED',
   29, 2, 1,
   48,
   NOW() - INTERVAL '2 days', NOW() - INTERVAL '1 days',
   NOW() - INTERVAL '2 days 10 hours',
   NOW() - INTERVAL '0 days'),
  (176,
   'Invoice approval pending for vendor Nasco Catering',
   'Invoice #28558 from Nasco Catering awaiting approval since 18 days. Payment overdue.',
   'FINANCE', 'HIGH', 'ASSIGNED',
   15, 16, 4,
   8,
   NOW() - INTERVAL '41 days', NOW() - INTERVAL '22 days',
   NOW() - INTERVAL '41 days 8 hours',
   NULL),
  (177,
   'Wi-Fi keeps dropping in 4C',
   'Wireless connection drops every 15-20 minutes in 1D. Multiple users affected.',
   'IT_SUPPORT', 'HIGH', 'OPEN',
   8, NULL, 1,
   8,
   NOW() - INTERVAL '41 days', NOW() - INTERVAL '3 days',
   NULL,
   NULL),
  (178,
   'Password reset request for Jira',
   'Locked out of SAP after multiple failed attempts. Needs immediate reset.',
   'IT_SUPPORT', 'LOW', 'CLOSED',
   24, 2, 1,
   48,
   NOW() - INTERVAL '50 days', NOW() - INTERVAL '10 days',
   NOW() - INTERVAL '50 days 2 hours',
   NOW() - INTERVAL '7 days'),
  (179,
   'Software installation request — WinSCP',
   'Need Adobe Acrobat installed on workstation for Q2 Analytics project.',
   'IT_SUPPORT', 'LOW', 'OPEN',
   20, NULL, 1,
   48,
   NOW() - INTERVAL '32 days', NOW() - INTERVAL '11 days',
   NULL,
   NULL),
  (180,
   'Payroll tax withholding query',
   'Tax withheld on March payslip appears higher than PAYE band. Requesting calculation sheet.',
   'FINANCE', 'LOW', 'IN_PROGRESS',
   4, 17, 4,
   48,
   NOW() - INTERVAL '10 days', NOW() - INTERVAL '3 days',
   NOW() - INTERVAL '10 days 40 hours',
   NULL),
  (181,
   'Delivery access issue — loading bay',
   'Loading bay shutter operates only manually. Scheduled deliveries cannot proceed unattended.',
   'FACILITIES', 'HIGH', 'ASSIGNED',
   13, 6, 3,
   8,
   NOW() - INTERVAL '38 days', NOW() - INTERVAL '14 days',
   NOW() - INTERVAL '38 days 3 hours',
   NULL),
  (182,
   'Delivery access issue — loading bay',
   'Loading bay shutter operates only manually. Scheduled deliveries cannot proceed unattended.',
   'FACILITIES', 'HIGH', 'OPEN',
   25, NULL, 3,
   8,
   NOW() - INTERVAL '5 days', NOW() - INTERVAL '3 days',
   NULL,
   NULL),
  (183,
   'VPN connectivity issue from remote location',
   'Unable to connect to corporate VPN. Error code ERR_NETWORK.',
   'IT_SUPPORT', 'HIGH', 'ASSIGNED',
   14, 2, 1,
   8,
   NOW() - INTERVAL '33 days', NOW() - INTERVAL '27 days',
   NOW() - INTERVAL '33 days 5 hours',
   NULL),
  (184,
   'Workplace accommodation request',
   'Requesting ergonomic chair and footrest due to physiotherapist recommendation.',
   'HR_REQUEST', 'HIGH', 'OPEN',
   9, NULL, 2,
   8,
   NOW() - INTERVAL '5 days', NOW() - INTERVAL '0 days',
   NULL,
   NULL),
  (185,
   'Monitor not detected on docking station',
   'Dual-monitor setup stopped working after Windows update. Only one screen recognised.',
   'IT_SUPPORT', 'MEDIUM', 'OPEN',
   11, NULL, 1,
   24,
   NOW() - INTERVAL '24 days', NOW() - INTERVAL '5 days',
   NULL,
   NULL),
  (186,
   'Sick leave balance incorrect',
   'Portal shows 0 sick days remaining but I have only used 3 of the 10 allotted days.',
   'HR_REQUEST', 'MEDIUM', 'CLOSED',
   19, 5, 2,
   24,
   NOW() - INTERVAL '6 days', NOW() - INTERVAL '2 days',
   NOW() - INTERVAL '6 days 2 hours',
   NOW() - INTERVAL '2 days'),
  (187,
   'Budget code correction on PO #3243',
   'Purchase order #8742 was coded to wrong cost centre. Requires correction before close.',
   'FINANCE', 'CRITICAL', 'IN_PROGRESS',
   18, 16, 4,
   4,
   NOW() - INTERVAL '54 days', NOW() - INTERVAL '37 days',
   NOW() - INTERVAL '54 days 1 hours',
   NULL),
  (188,
   'Two-factor auth app lost — phone replaced',
   'Got a new phone and lost access to authenticator. Need 2FA reset on SSO account.',
   'IT_SUPPORT', 'CRITICAL', 'RESOLVED',
   3, 2, 1,
   4,
   NOW() - INTERVAL '49 days', NOW() - INTERVAL '17 days',
   NOW() - INTERVAL '49 days 4 hours',
   NOW() - INTERVAL '2 days'),
  (189,
   'Change of preferred name in HR system',
   'Requesting update of preferred name in the HR system and email directory.',
   'HR_REQUEST', 'MEDIUM', 'CLOSED',
   30, 5, 2,
   24,
   NOW() - INTERVAL '18 days', NOW() - INTERVAL '11 days',
   NOW() - INTERVAL '18 days 4 hours',
   NOW() - INTERVAL '8 days'),
  (190,
   'Change of bank account for salary payment',
   'Need to update direct deposit bank account details effective next payroll run.',
   'HR_REQUEST', 'HIGH', 'OPEN',
   7, NULL, 2,
   8,
   NOW() - INTERVAL '55 days', NOW() - INTERVAL '44 days',
   NULL,
   NULL),
  (191,
   'Month-end accrual entry approval',
   'Accrual journal entry JE-P-1141 for GHC 24,174 awaiting CFO approval. Deadline today.',
   'FINANCE', 'CRITICAL', 'CLOSED',
   14, 17, 4,
   4,
   NOW() - INTERVAL '11 days', NOW() - INTERVAL '8 days',
   NOW() - INTERVAL '11 days 2 hours',
   NOW() - INTERVAL '8 days'),
  (192,
   'Meeting room 5A booking system error',
   'Meeting room 3B shows available but door is locked. Booking system out of sync.',
   'FACILITIES', 'MEDIUM', 'OPEN',
   13, NULL, 3,
   24,
   NOW() - INTERVAL '32 days', NOW() - INTERVAL '7 days',
   NULL,
   NULL),
  (193,
   'Petty cash reconciliation discrepancy',
   'Petty cash box shows GHC 13,733 variance. Receipts attached. Needs finance sign-off.',
   'FINANCE', 'MEDIUM', 'ASSIGNED',
   18, 17, 4,
   24,
   NOW() - INTERVAL '18 days', NOW() - INTERVAL '18 days',
   NOW() - INTERVAL '18 days 19 hours',
   NULL),
  (194,
   'VPN connectivity issue from remote location',
   'Unable to connect to corporate VPN. Error code ERR_NETWORK.',
   'IT_SUPPORT', 'MEDIUM', 'IN_PROGRESS',
   22, 2, 1,
   24,
   NOW() - INTERVAL '52 days', NOW() - INTERVAL '34 days',
   NOW() - INTERVAL '52 days 18 hours',
   NULL),
  (195,
   'Change of preferred name in HR system',
   'Requesting update of preferred name in the HR system and email directory.',
   'HR_REQUEST', 'LOW', 'OPEN',
   14, NULL, 2,
   48,
   NOW() - INTERVAL '23 days', NOW() - INTERVAL '23 days',
   NULL,
   NULL),
  (196,
   'Overtime approval for budget close week',
   'Requesting pre-approval for overtime during month-end close 2026-03-28 to 2026-03-31.',
   'HR_REQUEST', 'LOW', 'IN_PROGRESS',
   27, 5, 2,
   48,
   NOW() - INTERVAL '22 days', NOW() - INTERVAL '15 days',
   NOW() - INTERVAL '22 days 33 hours',
   NULL),
  (197,
   'Travel policy clarification — international trips',
   'Unclear on per diem rates and approval process for upcoming Singapore audit trip.',
   'HR_REQUEST', 'LOW', 'IN_PROGRESS',
   24, 5, 2,
   48,
   NOW() - INTERVAL '43 days', NOW() - INTERVAL '35 days',
   NOW() - INTERVAL '43 days 12 hours',
   NULL),
  (198,
   'Monitor not detected on docking station',
   'Dual-monitor setup stopped working after Windows update. Only one screen recognised.',
   'IT_SUPPORT', 'HIGH', 'IN_PROGRESS',
   22, 2, 1,
   8,
   NOW() - INTERVAL '28 days', NOW() - INTERVAL '20 days',
   NOW() - INTERVAL '28 days 1 hours',
   NULL),
  (199,
   'Invoice approval pending for vendor DataFlow GH',
   'Invoice #40983 from Zenith Supplies awaiting approval since 3 days. Payment overdue.',
   'FINANCE', 'HIGH', 'CLOSED',
   28, 16, 4,
   8,
   NOW() - INTERVAL '60 days', NOW() - INTERVAL '27 days',
   NOW() - INTERVAL '60 days 4 hours',
   NOW() - INTERVAL '4 days'),
  (200,
   'Annual audit document request',
   'External auditors (KPMG) have requested GL extracts and bank recs for FY 2025. Deadline 2026-03-31.',
   'FINANCE', 'CRITICAL', 'ASSIGNED',
   29, 16, 4,
   4,
   NOW() - INTERVAL '20 days', NOW() - INTERVAL '6 days',
   NOW() - INTERVAL '20 days 2 hours',
   NULL),
  (201,
   'Performance review scheduling',
   'Annual performance review still not scheduled. HR deadline is end of month.',
   'HR_REQUEST', 'CRITICAL', 'CLOSED',
   29, 5, 2,
   4,
   NOW() - INTERVAL '55 days', NOW() - INTERVAL '38 days',
   NOW() - INTERVAL '55 days 4 hours',
   NOW() - INTERVAL '20 days'),
  (202,
   'Monitor not detected on docking station',
   'Dual-monitor setup stopped working after Windows update. Only one screen recognised.',
   'IT_SUPPORT', 'MEDIUM', 'RESOLVED',
   19, 2, 1,
   24,
   NOW() - INTERVAL '8 days', NOW() - INTERVAL '3 days',
   NOW() - INTERVAL '8 days 23 hours',
   NOW() - INTERVAL '1 days'),
  (203,
   'Broken window blind in office 5A',
   'Blind in office 5A is stuck and cannot be adjusted. Sun glare affects screens.',
   'FACILITIES', 'LOW', 'CLOSED',
   20, 6, 3,
   48,
   NOW() - INTERVAL '39 days', NOW() - INTERVAL '38 days',
   NOW() - INTERVAL '39 days 46 hours',
   NOW() - INTERVAL '2 days'),
  (204,
   'Change of bank account for salary payment',
   'Need to update direct deposit bank account details effective next payroll run.',
   'HR_REQUEST', 'LOW', 'RESOLVED',
   20, 5, 2,
   48,
   NOW() - INTERVAL '36 days', NOW() - INTERVAL '28 days',
   NOW() - INTERVAL '36 days 4 hours',
   NOW() - INTERVAL '6 days'),
  (205,
   'Browser extension blocking internal portal',
   'Chrome extension appears to block the internal finance portal. Need IT guidance.',
   'IT_SUPPORT', 'MEDIUM', 'OPEN',
   13, NULL, 1,
   24,
   NOW() - INTERVAL '2 days', NOW() - INTERVAL '1 days',
   NULL,
   NULL),
  (206,
   'Email quota exceeded',
   'Mailbox at 100% capacity. Emails are bouncing. Requesting quota increase.',
   'IT_SUPPORT', 'HIGH', 'ASSIGNED',
   29, 2, 1,
   8,
   NOW() - INTERVAL '19 days', NOW() - INTERVAL '4 days',
   NOW() - INTERVAL '19 days 2 hours',
   NULL),
  (207,
   'Relocation expense reimbursement',
   'Submitted relocation receipts totalling GHC 4,200 three weeks ago. Not yet reimbursed.',
   'HR_REQUEST', 'CRITICAL', 'IN_PROGRESS',
   7, 5, 2,
   4,
   NOW() - INTERVAL '44 days', NOW() - INTERVAL '19 days',
   NOW() - INTERVAL '44 days 2 hours',
   NULL),
  (208,
   'Zoom audio not working in meeting room Training Room 2',
   'Microphone/speakers in meeting room 2A do not function with Zoom on the room PC.',
   'IT_SUPPORT', 'HIGH', 'RESOLVED',
   26, 2, 1,
   8,
   NOW() - INTERVAL '28 days', NOW() - INTERVAL '17 days',
   NOW() - INTERVAL '28 days 1 hours',
   NOW() - INTERVAL '0 days'),
  (209,
   'Remote desktop latency extremely high',
   'RDP sessions to the office workstation have >500ms latency from home office.',
   'IT_SUPPORT', 'LOW', 'ASSIGNED',
   27, 2, 1,
   48,
   NOW() - INTERVAL '32 days', NOW() - INTERVAL '30 days',
   NOW() - INTERVAL '32 days 2 hours',
   NULL),
  (210,
   'Change of preferred name in HR system',
   'Requesting update of preferred name in the HR system and email directory.',
   'HR_REQUEST', 'LOW', 'RESOLVED',
   20, 5, 2,
   48,
   NOW() - INTERVAL '29 days', NOW() - INTERVAL '7 days',
   NOW() - INTERVAL '29 days 33 hours',
   NOW() - INTERVAL '3 days'),
  (211,
   'Corporate card transaction dispute',
   'Unrecognised charge of USD 27,746 on corporate card ending 4307. Please investigate.',
   'FINANCE', 'MEDIUM', 'OPEN',
   10, NULL, 4,
   24,
   NOW() - INTERVAL '8 days', NOW() - INTERVAL '8 days',
   NULL,
   NULL),
  (212,
   'Broken locker — ref P-1141',
   'Locker R-001 latch is broken. Personal items cannot be secured.',
   'FACILITIES', 'LOW', 'CLOSED',
   20, 6, 3,
   48,
   NOW() - INTERVAL '19 days', NOW() - INTERVAL '16 days',
   NOW() - INTERVAL '19 days 11 hours',
   NOW() - INTERVAL '2 days'),
  (213,
   'Annual audit document request',
   'External auditors (KPMG) have requested GL extracts and bank recs for FY 2025. Deadline 2026-03-28.',
   'FINANCE', 'HIGH', 'CLOSED',
   28, 17, 4,
   8,
   NOW() - INTERVAL '59 days', NOW() - INTERVAL '22 days',
   NOW() - INTERVAL '59 days 1 hours',
   NOW() - INTERVAL '8 days'),
  (214,
   'Two-factor auth app lost — phone replaced',
   'Got a new phone and lost access to authenticator. Need 2FA reset on SSO account.',
   'IT_SUPPORT', 'MEDIUM', 'RESOLVED',
   14, 2, 1,
   24,
   NOW() - INTERVAL '4 days', NOW() - INTERVAL '0 days',
   NOW() - INTERVAL '4 days 15 hours',
   NOW() - INTERVAL '0 days'),
  (215,
   'Referral bonus not paid — Q1 2026',
   'I referred two successful hires in Q1 2026. Referral bonus has not been credited.',
   'HR_REQUEST', 'MEDIUM', 'IN_PROGRESS',
   15, 5, 2,
   24,
   NOW() - INTERVAL '38 days', NOW() - INTERVAL '31 days',
   NOW() - INTERVAL '38 days 21 hours',
   NULL),
  (216,
   'Email quota exceeded',
   'Mailbox at 100% capacity. Emails are bouncing. Requesting quota increase.',
   'IT_SUPPORT', 'LOW', 'RESOLVED',
   18, 2, 1,
   48,
   NOW() - INTERVAL '60 days', NOW() - INTERVAL '57 days',
   NOW() - INTERVAL '60 days 20 hours',
   NOW() - INTERVAL '56 days'),
  (217,
   'Duplicate payment detected — vendor TechBridge Ltd',
   'Invoice #64386 was paid twice on 2026-03-28. Total duplicate: GHC 25,535. Recovery needed.',
   'FINANCE', 'HIGH', 'RESOLVED',
   25, 16, 4,
   8,
   NOW() - INTERVAL '56 days', NOW() - INTERVAL '10 days',
   NOW() - INTERVAL '56 days 1 hours',
   NOW() - INTERVAL '9 days'),
  (218,
   'Software installation request — Power BI',
   'Need DBeaver installed on workstation for Budget Close project.',
   'IT_SUPPORT', 'LOW', 'OPEN',
   8, NULL, 1,
   48,
   NOW() - INTERVAL '19 days', NOW() - INTERVAL '4 days',
   NULL,
   NULL),
  (219,
   'Sick leave balance incorrect',
   'Portal shows 0 sick days remaining but I have only used 3 of the 10 allotted days.',
   'HR_REQUEST', 'MEDIUM', 'IN_PROGRESS',
   10, 5, 2,
   24,
   NOW() - INTERVAL '18 days', NOW() - INTERVAL '17 days',
   NOW() - INTERVAL '18 days 19 hours',
   NULL),
  (220,
   'Password reset request for GitHub',
   'Locked out of Jira after multiple failed attempts. Needs immediate reset.',
   'IT_SUPPORT', 'LOW', 'IN_PROGRESS',
   5, 2, 1,
   48,
   NOW() - INTERVAL '6 days', NOW() - INTERVAL '3 days',
   NOW() - INTERVAL '6 days 45 hours',
   NULL),
  (221,
   'Annual audit document request',
   'External auditors (KPMG) have requested GL extracts and bank recs for FY 2025. Deadline 2026-03-28.',
   'FINANCE', 'MEDIUM', 'ASSIGNED',
   29, 16, 4,
   24,
   NOW() - INTERVAL '8 days', NOW() - INTERVAL '7 days',
   NOW() - INTERVAL '8 days 12 hours',
   NULL),
  (222,
   'Duplicate payment detected — vendor Nasco Catering',
   'Invoice #65550 was paid twice on 2026-04-05. Total duplicate: GHC 11,279. Recovery needed.',
   'FINANCE', 'HIGH', 'CLOSED',
   28, 17, 4,
   8,
   NOW() - INTERVAL '13 days', NOW() - INTERVAL '13 days',
   NOW() - INTERVAL '13 days 1 hours',
   NOW() - INTERVAL '11 days'),
  (223,
   'Overtime approval for budget close week',
   'Requesting pre-approval for overtime during month-end close 2026-03-28 to 2026-03-31.',
   'HR_REQUEST', 'LOW', 'RESOLVED',
   3, 5, 2,
   48,
   NOW() - INTERVAL '28 days', NOW() - INTERVAL '25 days',
   NOW() - INTERVAL '28 days 2 hours',
   NOW() - INTERVAL '18 days'),
  (224,
   'Overtime approval for budget close week',
   'Requesting pre-approval for overtime during month-end close 2026-03-28 to 2026-03-31.',
   'HR_REQUEST', 'MEDIUM', 'IN_PROGRESS',
   24, 5, 2,
   24,
   NOW() - INTERVAL '30 days', NOW() - INTERVAL '12 days',
   NOW() - INTERVAL '30 days 15 hours',
   NULL),
  (225,
   'Cleaning schedule missed — Floor 2',
   'Floor 1 has not been cleaned since Monday. Bins overflowing.',
   'FACILITIES', 'LOW', 'ASSIGNED',
   13, 6, 3,
   48,
   NOW() - INTERVAL '24 days', NOW() - INTERVAL '0 days',
   NOW() - INTERVAL '24 days 34 hours',
   NULL),
  (226,
   'Broken shower in gym changing room',
   'Shower stall 3 in the gym changing room has no hot water. 6 shower users affected.',
   'FACILITIES', 'CRITICAL', 'ASSIGNED',
   28, 6, 3,
   4,
   NOW() - INTERVAL '14 days', NOW() - INTERVAL '6 days',
   NOW() - INTERVAL '14 days 2 hours',
   NULL),
  (227,
   'Request for employment verification letter',
   'Require a signed employment verification letter for mortgage application.',
   'HR_REQUEST', 'MEDIUM', 'IN_PROGRESS',
   8, 5, 2,
   24,
   NOW() - INTERVAL '57 days', NOW() - INTERVAL '45 days',
   NOW() - INTERVAL '57 days 3 hours',
   NULL),
  (228,
   'Sick leave balance incorrect',
   'Portal shows 0 sick days remaining but I have only used 3 of the 10 allotted days.',
   'HR_REQUEST', 'HIGH', 'RESOLVED',
   20, 5, 2,
   8,
   NOW() - INTERVAL '18 days', NOW() - INTERVAL '18 days',
   NOW() - INTERVAL '18 days 7 hours',
   NOW() - INTERVAL '18 days'),
  (229,
   'Relocation expense reimbursement',
   'Submitted relocation receipts totalling GHC 4,200 three weeks ago. Not yet reimbursed.',
   'HR_REQUEST', 'LOW', 'OPEN',
   5, NULL, 2,
   48,
   NOW() - INTERVAL '19 days', NOW() - INTERVAL '16 days',
   NULL,
   NULL),
  (230,
   'USB-C adapter not charging laptop',
   'Provided USB-C adapter stopped charging after firmware update last week.',
   'IT_SUPPORT', 'HIGH', 'IN_PROGRESS',
   21, 2, 1,
   8,
   NOW() - INTERVAL '47 days', NOW() - INTERVAL '29 days',
   NOW() - INTERVAL '47 days 6 hours',
   NULL),
  (231,
   'Browser extension blocking internal portal',
   'Chrome extension appears to block the internal finance portal. Need IT guidance.',
   'IT_SUPPORT', 'LOW', 'IN_PROGRESS',
   19, 2, 1,
   48,
   NOW() - INTERVAL '6 days', NOW() - INTERVAL '1 days',
   NOW() - INTERVAL '6 days 7 hours',
   NULL),
  (232,
   'Query on pension contribution deduction',
   'Pension deduction on latest payslip does not match agreed contribution rate of 8%.',
   'HR_REQUEST', 'HIGH', 'RESOLVED',
   8, 5, 2,
   8,
   NOW() - INTERVAL '38 days', NOW() - INTERVAL '12 days',
   NOW() - INTERVAL '38 days 8 hours',
   NOW() - INTERVAL '4 days'),
  (233,
   'Annual audit document request',
   'External auditors (KPMG) have requested GL extracts and bank recs for FY 2025. Deadline 2026-03-31.',
   'FINANCE', 'LOW', 'CLOSED',
   22, 17, 4,
   48,
   NOW() - INTERVAL '43 days', NOW() - INTERVAL '4 days',
   NOW() - INTERVAL '43 days 45 hours',
   NOW() - INTERVAL '1 days'),
  (234,
   'Remote desktop latency extremely high',
   'RDP sessions to the office workstation have >500ms latency from home office.',
   'IT_SUPPORT', 'HIGH', 'RESOLVED',
   19, 2, 1,
   8,
   NOW() - INTERVAL '31 days', NOW() - INTERVAL '17 days',
   NOW() - INTERVAL '31 days 3 hours',
   NOW() - INTERVAL '5 days'),
  (235,
   'Password reset request for SAP',
   'Locked out of Confluence after multiple failed attempts. Needs immediate reset.',
   'IT_SUPPORT', 'LOW', 'OPEN',
   9, NULL, 1,
   48,
   NOW() - INTERVAL '44 days', NOW() - INTERVAL '42 days',
   NULL,
   NULL),
  (236,
   'Petty cash reconciliation discrepancy',
   'Petty cash box shows GHC 25,125 variance. Receipts attached. Needs finance sign-off.',
   'FINANCE', 'MEDIUM', 'RESOLVED',
   20, 16, 4,
   24,
   NOW() - INTERVAL '46 days', NOW() - INTERVAL '34 days',
   NOW() - INTERVAL '46 days 19 hours',
   NOW() - INTERVAL '10 days'),
  (237,
   'Antivirus alert — quarantined file',
   'Endpoint AV quarantined file in %APPDATA%. Need IT to verify it is a false positive.',
   'IT_SUPPORT', 'LOW', 'CLOSED',
   24, 2, 1,
   48,
   NOW() - INTERVAL '48 days', NOW() - INTERVAL '21 days',
   NOW() - INTERVAL '48 days 9 hours',
   NOW() - INTERVAL '8 days'),
  (238,
   'Query on pension contribution deduction',
   'Pension deduction on latest payslip does not match agreed contribution rate of 8%.',
   'HR_REQUEST', 'MEDIUM', 'ASSIGNED',
   9, 5, 2,
   24,
   NOW() - INTERVAL '28 days', NOW() - INTERVAL '5 days',
   NOW() - INTERVAL '28 days 20 hours',
   NULL),
  (239,
   'Zoom audio not working in meeting room Training Room 2',
   'Microphone/speakers in meeting room Training Room 1 do not function with Zoom on the room PC.',
   'IT_SUPPORT', 'MEDIUM', 'ASSIGNED',
   9, 2, 1,
   24,
   NOW() - INTERVAL '1 days', NOW() - INTERVAL '1 days',
   NOW() - INTERVAL '1 days 16 hours',
   NULL),
  (240,
   'Browser extension blocking internal portal',
   'Chrome extension appears to block the internal finance portal. Need IT guidance.',
   'IT_SUPPORT', 'LOW', 'IN_PROGRESS',
   26, 2, 1,
   48,
   NOW() - INTERVAL '1 days', NOW() - INTERVAL '0 days',
   NOW() - INTERVAL '1 days 6 hours',
   NULL),
  (241,
   'Fire extinguisher inspection overdue',
   'Fire extinguisher on Floor 5 shows last inspection date over 12 months ago.',
   'FACILITIES', 'HIGH', 'ASSIGNED',
   14, 6, 3,
   8,
   NOW() - INTERVAL '46 days', NOW() - INTERVAL '8 days',
   NOW() - INTERVAL '46 days 4 hours',
   NULL),
  (242,
   'Wi-Fi keeps dropping in Training Room 1',
   'Wireless connection drops every 15-20 minutes in 4C. Multiple users affected.',
   'IT_SUPPORT', 'MEDIUM', 'OPEN',
   24, NULL, 1,
   24,
   NOW() - INTERVAL '34 days', NOW() - INTERVAL '17 days',
   NULL,
   NULL),
  (243,
   'Fire extinguisher inspection overdue',
   'Fire extinguisher on Floor 2 shows last inspection date over 12 months ago.',
   'FACILITIES', 'HIGH', 'CLOSED',
   28, 6, 3,
   8,
   NOW() - INTERVAL '44 days', NOW() - INTERVAL '28 days',
   NOW() - INTERVAL '44 days 4 hours',
   NOW() - INTERVAL '19 days'),
  (244,
   'Password reset request for Workday',
   'Locked out of Confluence after multiple failed attempts. Needs immediate reset.',
   'IT_SUPPORT', 'MEDIUM', 'CLOSED',
   6, 2, 1,
   24,
   NOW() - INTERVAL '60 days', NOW() - INTERVAL '34 days',
   NOW() - INTERVAL '60 days 21 hours',
   NOW() - INTERVAL '31 days'),
  (245,
   'Guest Wi-Fi password rotation request',
   'Monthly guest Wi-Fi password has not been updated. Current one shared publicly.',
   'FACILITIES', 'MEDIUM', 'OPEN',
   3, NULL, 3,
   24,
   NOW() - INTERVAL '35 days', NOW() - INTERVAL '29 days',
   NULL,
   NULL),
  (246,
   'Contract renewal inquiry',
   'Fixed-term contract ends 2026-06-30. Requesting confirmation of renewal or next steps.',
   'HR_REQUEST', 'HIGH', 'CLOSED',
   29, 5, 2,
   8,
   NOW() - INTERVAL '26 days', NOW() - INTERVAL '2 days',
   NOW() - INTERVAL '26 days 5 hours',
   NOW() - INTERVAL '1 days'),
  (247,
   'Request for unpaid leave — 10 days',
   'Requesting 8 days unpaid leave for personal reasons. Manager has approved.',
   'HR_REQUEST', 'LOW', 'RESOLVED',
   10, 5, 2,
   48,
   NOW() - INTERVAL '8 days', NOW() - INTERVAL '3 days',
   NOW() - INTERVAL '8 days 26 hours',
   NOW() - INTERVAL '3 days'),
  (248,
   'Vendor bank details update request',
   'Vendor Nasco Catering has changed banking details. Needs update in finance system before next run.',
   'FINANCE', 'LOW', 'IN_PROGRESS',
   22, 17, 4,
   48,
   NOW() - INTERVAL '5 days', NOW() - INTERVAL '4 days',
   NOW() - INTERVAL '5 days 38 hours',
   NULL),
  (249,
   'Broken window blind in office 5A',
   'Blind in office Training Room 2 is stuck and cannot be adjusted. Sun glare affects screens.',
   'FACILITIES', 'MEDIUM', 'CLOSED',
   14, 6, 3,
   24,
   NOW() - INTERVAL '45 days', NOW() - INTERVAL '6 days',
   NOW() - INTERVAL '45 days 22 hours',
   NOW() - INTERVAL '6 days'),
  (250,
   'Broken window blind in office 3B',
   'Blind in office Training Room 1 is stuck and cannot be adjusted. Sun glare affects screens.',
   'FACILITIES', 'MEDIUM', 'ASSIGNED',
   7, 6, 3,
   24,
   NOW() - INTERVAL '51 days', NOW() - INTERVAL '27 days',
   NOW() - INTERVAL '51 days 13 hours',
   NULL),
  (251,
   'VPN connectivity issue from remote location',
   'Unable to connect to corporate VPN. Error code E4.',
   'IT_SUPPORT', 'CRITICAL', 'IN_PROGRESS',
   14, 2, 1,
   4,
   NOW() - INTERVAL '31 days', NOW() - INTERVAL '8 days',
   NOW() - INTERVAL '31 days 3 hours',
   NULL),
  (252,
   'Delivery access issue — loading bay',
   'Loading bay shutter operates only manually. Scheduled deliveries cannot proceed unattended.',
   'FACILITIES', 'LOW', 'ASSIGNED',
   20, 6, 3,
   48,
   NOW() - INTERVAL '28 days', NOW() - INTERVAL '21 days',
   NOW() - INTERVAL '28 days 33 hours',
   NULL),
  (253,
   'Foreign currency revaluation query',
   'USD-denominated payable shows inconsistent FX rate in ERP vs Central Bank rate for March.',
   'FINANCE', 'HIGH', 'ASSIGNED',
   20, 17, 4,
   8,
   NOW() - INTERVAL '17 days', NOW() - INTERVAL '6 days',
   NOW() - INTERVAL '17 days 1 hours',
   NULL),
  (254,
   'Workplace accommodation request',
   'Requesting ergonomic chair and footrest due to physiotherapist recommendation.',
   'HR_REQUEST', 'MEDIUM', 'IN_PROGRESS',
   8, 5, 2,
   24,
   NOW() - INTERVAL '7 days', NOW() - INTERVAL '7 days',
   NOW() - INTERVAL '7 days 22 hours',
   NULL),
  (255,
   'Referral bonus not paid — Q1 2026',
   'I referred two successful hires in Q1 2026. Referral bonus has not been credited.',
   'HR_REQUEST', 'LOW', 'RESOLVED',
   4, 5, 2,
   48,
   NOW() - INTERVAL '28 days', NOW() - INTERVAL '19 days',
   NOW() - INTERVAL '28 days 48 hours',
   NOW() - INTERVAL '0 days'),
  (256,
   'Payroll tax withholding query',
   'Tax withheld on March payslip appears higher than PAYE band. Requesting calculation sheet.',
   'FINANCE', 'MEDIUM', 'IN_PROGRESS',
   27, 16, 4,
   24,
   NOW() - INTERVAL '15 days', NOW() - INTERVAL '10 days',
   NOW() - INTERVAL '15 days 14 hours',
   NULL),
  (257,
   'Change of preferred name in HR system',
   'Requesting update of preferred name in the HR system and email directory.',
   'HR_REQUEST', 'HIGH', 'IN_PROGRESS',
   29, 5, 2,
   8,
   NOW() - INTERVAL '16 days', NOW() - INTERVAL '8 days',
   NOW() - INTERVAL '16 days 4 hours',
   NULL),
  (258,
   'DNS resolution failing on finance subnet',
   'Intermittent DNS failures on the 10.20.x.x subnet since Tuesday. Affects ERP access.',
   'IT_SUPPORT', 'CRITICAL', 'ASSIGNED',
   23, 2, 1,
   4,
   NOW() - INTERVAL '51 days', NOW() - INTERVAL '44 days',
   NOW() - INTERVAL '51 days 2 hours',
   NULL),
  (259,
   'VPN connectivity issue from remote location',
   'Unable to connect to corporate VPN. Error code 0xC000006D.',
   'IT_SUPPORT', 'HIGH', 'CLOSED',
   11, 2, 1,
   8,
   NOW() - INTERVAL '42 days', NOW() - INTERVAL '15 days',
   NOW() - INTERVAL '42 days 4 hours',
   NOW() - INTERVAL '3 days'),
  (260,
   'Flickering lights in corridor C',
   'Fluorescent lights in corridor A have been flickering for over a week.',
   'FACILITIES', 'MEDIUM', 'OPEN',
   20, NULL, 3,
   24,
   NOW() - INTERVAL '6 days', NOW() - INTERVAL '3 days',
   NULL,
   NULL),
  (261,
   'Broken shower in gym changing room',
   'Shower stall 3 in the gym changing room has no hot water. 6 shower users affected.',
   'FACILITIES', 'HIGH', 'OPEN',
   30, NULL, 3,
   8,
   NOW() - INTERVAL '7 days', NOW() - INTERVAL '5 days',
   NULL,
   NULL),
  (262,
   'Request for unpaid leave — 12 days',
   'Requesting 6 days unpaid leave for personal reasons. Manager has approved.',
   'HR_REQUEST', 'HIGH', 'CLOSED',
   6, 5, 2,
   8,
   NOW() - INTERVAL '11 days', NOW() - INTERVAL '1 days',
   NOW() - INTERVAL '11 days 4 hours',
   NOW() - INTERVAL '0 days'),
  (263,
   'Overtime approval for budget close week',
   'Requesting pre-approval for overtime during month-end close 2026-03-28 to 2026-03-31.',
   'HR_REQUEST', 'HIGH', 'OPEN',
   13, NULL, 2,
   8,
   NOW() - INTERVAL '9 days', NOW() - INTERVAL '2 days',
   NULL,
   NULL),
  (264,
   'Cheque book request',
   'Department cheque book exhausted. Requesting new book from treasury for operational payments.',
   'FINANCE', 'MEDIUM', 'CLOSED',
   29, 16, 4,
   24,
   NOW() - INTERVAL '19 days', NOW() - INTERVAL '14 days',
   NOW() - INTERVAL '19 days 5 hours',
   NOW() - INTERVAL '13 days'),
  (265,
   'Broken window blind in office 2A',
   'Blind in office 2A is stuck and cannot be adjusted. Sun glare affects screens.',
   'FACILITIES', 'MEDIUM', 'RESOLVED',
   3, 6, 3,
   24,
   NOW() - INTERVAL '8 days', NOW() - INTERVAL '2 days',
   NOW() - INTERVAL '8 days 2 hours',
   NOW() - INTERVAL '2 days'),
  (266,
   'Software installation request — Tableau',
   'Need Adobe Acrobat installed on workstation for Audit Prep project.',
   'IT_SUPPORT', 'LOW', 'IN_PROGRESS',
   29, 2, 1,
   48,
   NOW() - INTERVAL '2 days', NOW() - INTERVAL '0 days',
   NOW() - INTERVAL '2 days 19 hours',
   NULL),
  (267,
   'Change of bank account for salary payment',
   'Need to update direct deposit bank account details effective next payroll run.',
   'HR_REQUEST', 'MEDIUM', 'RESOLVED',
   3, 5, 2,
   24,
   NOW() - INTERVAL '31 days', NOW() - INTERVAL '2 days',
   NOW() - INTERVAL '31 days 10 hours',
   NOW() - INTERVAL '0 days'),
  (268,
   'Password reset request for ERP Portal',
   'Locked out of Workday after multiple failed attempts. Needs immediate reset.',
   'IT_SUPPORT', 'LOW', 'OPEN',
   23, NULL, 1,
   48,
   NOW() - INTERVAL '24 days', NOW() - INTERVAL '11 days',
   NULL,
   NULL),
  (269,
   'Remote work arrangement approval',
   'Requesting formal WFH arrangement (3 days/week). Team lead has verbally approved.',
   'HR_REQUEST', 'MEDIUM', 'CLOSED',
   10, 5, 2,
   24,
   NOW() - INTERVAL '56 days', NOW() - INTERVAL '29 days',
   NOW() - INTERVAL '56 days 22 hours',
   NOW() - INTERVAL '2 days'),
  (270,
   'Email quota exceeded',
   'Mailbox at 100% capacity. Emails are bouncing. Requesting quota increase.',
   'IT_SUPPORT', 'LOW', 'OPEN',
   29, NULL, 1,
   48,
   NOW() - INTERVAL '44 days', NOW() - INTERVAL '27 days',
   NULL,
   NULL),
  (271,
   'Shared drive permissions update needed',
   'New team member needs read/write access to the Finance shared drive.',
   'IT_SUPPORT', 'HIGH', 'CLOSED',
   28, 2, 1,
   8,
   NOW() - INTERVAL '1 days', NOW() - INTERVAL '0 days',
   NOW() - INTERVAL '1 days 8 hours',
   NOW() - INTERVAL '0 days'),
  (272,
   'VAT refund application status',
   'VAT refund application ref R-002 submitted 14 days ago. No update received from GRA.',
   'FINANCE', 'MEDIUM', 'CLOSED',
   13, 16, 4,
   24,
   NOW() - INTERVAL '60 days', NOW() - INTERVAL '11 days',
   NOW() - INTERVAL '60 days 15 hours',
   NOW() - INTERVAL '6 days'),
  (273,
   'Request for unpaid leave — 8 days',
   'Requesting 16 days unpaid leave for personal reasons. Manager has approved.',
   'HR_REQUEST', 'HIGH', 'RESOLVED',
   28, 5, 2,
   8,
   NOW() - INTERVAL '1 days', NOW() - INTERVAL '1 days',
   NOW() - INTERVAL '1 days 4 hours',
   NOW() - INTERVAL '1 days'),
  (274,
   'Remote desktop latency extremely high',
   'RDP sessions to the office workstation have >500ms latency from home office.',
   'IT_SUPPORT', 'HIGH', 'IN_PROGRESS',
   25, 2, 1,
   8,
   NOW() - INTERVAL '54 days', NOW() - INTERVAL '48 days',
   NOW() - INTERVAL '54 days 5 hours',
   NULL),
  (275,
   'Wi-Fi keeps dropping in Boardroom',
   'Wireless connection drops every 15-20 minutes in 5A. Multiple users affected.',
   'IT_SUPPORT', 'CRITICAL', 'OPEN',
   7, NULL, 1,
   4,
   NOW() - INTERVAL '19 days', NOW() - INTERVAL '8 days',
   NULL,
   NULL),
  (276,
   'Leaking tap in kitchen — Floor 1',
   'Kitchen tap on Floor 4 drips continuously. Water wastage and slip risk.',
   'FACILITIES', 'CRITICAL', 'ASSIGNED',
   3, 6, 3,
   4,
   NOW() - INTERVAL '34 days', NOW() - INTERVAL '32 days',
   NOW() - INTERVAL '34 days 2 hours',
   NULL),
  (277,
   'Delivery access issue — loading bay',
   'Loading bay shutter operates only manually. Scheduled deliveries cannot proceed unattended.',
   'FACILITIES', 'HIGH', 'RESOLVED',
   24, 6, 3,
   8,
   NOW() - INTERVAL '28 days', NOW() - INTERVAL '6 days',
   NOW() - INTERVAL '28 days 6 hours',
   NOW() - INTERVAL '2 days'),
  (278,
   'Vendor bank details update request',
   'Vendor Accra IT Hub has changed banking details. Needs update in finance system before next run.',
   'FINANCE', 'MEDIUM', 'IN_PROGRESS',
   24, 16, 4,
   24,
   NOW() - INTERVAL '34 days', NOW() - INTERVAL '13 days',
   NOW() - INTERVAL '34 days 4 hours',
   NULL),
  (279,
   'Remote work arrangement approval',
   'Requesting formal WFH arrangement (3 days/week). Team lead has verbally approved.',
   'HR_REQUEST', 'LOW', 'IN_PROGRESS',
   30, 5, 2,
   48,
   NOW() - INTERVAL '47 days', NOW() - INTERVAL '19 days',
   NOW() - INTERVAL '47 days 18 hours',
   NULL),
  (280,
   'Shared drive permissions update needed',
   'New team member needs read/write access to the Finance shared drive.',
   'IT_SUPPORT', 'HIGH', 'RESOLVED',
   15, 2, 1,
   8,
   NOW() - INTERVAL '45 days', NOW() - INTERVAL '10 days',
   NOW() - INTERVAL '45 days 3 hours',
   NOW() - INTERVAL '9 days'),
  (281,
   'Sick leave balance incorrect',
   'Portal shows 0 sick days remaining but I have only used 3 of the 10 allotted days.',
   'HR_REQUEST', 'MEDIUM', 'CLOSED',
   29, 5, 2,
   24,
   NOW() - INTERVAL '49 days', NOW() - INTERVAL '19 days',
   NOW() - INTERVAL '49 days 23 hours',
   NOW() - INTERVAL '14 days'),
  (282,
   'VPN connectivity issue from remote location',
   'Unable to connect to corporate VPN. Error code 0xC000006D.',
   'IT_SUPPORT', 'MEDIUM', 'IN_PROGRESS',
   4, 2, 1,
   24,
   NOW() - INTERVAL '18 days', NOW() - INTERVAL '11 days',
   NOW() - INTERVAL '18 days 4 hours',
   NULL),
  (283,
   'Software installation request — DBeaver',
   'Need Tableau installed on workstation for Q2 Analytics project.',
   'IT_SUPPORT', 'HIGH', 'ASSIGNED',
   12, 2, 1,
   8,
   NOW() - INTERVAL '47 days', NOW() - INTERVAL '0 days',
   NOW() - INTERVAL '47 days 2 hours',
   NULL),
  (284,
   'Antivirus alert — quarantined file',
   'Endpoint AV quarantined file in %APPDATA%. Need IT to verify it is a false positive.',
   'IT_SUPPORT', 'LOW', 'OPEN',
   12, NULL, 1,
   48,
   NOW() - INTERVAL '52 days', NOW() - INTERVAL '47 days',
   NULL,
   NULL),
  (285,
   'Wi-Fi keeps dropping in Training Room 1',
   'Wireless connection drops every 15-20 minutes in 4C. Multiple users affected.',
   'IT_SUPPORT', 'LOW', 'RESOLVED',
   22, 2, 1,
   48,
   NOW() - INTERVAL '57 days', NOW() - INTERVAL '33 days',
   NOW() - INTERVAL '57 days 12 hours',
   NOW() - INTERVAL '16 days'),
  (286,
   'Remote work arrangement approval',
   'Requesting formal WFH arrangement (3 days/week). Team lead has verbally approved.',
   'HR_REQUEST', 'LOW', 'CLOSED',
   6, 5, 2,
   48,
   NOW() - INTERVAL '32 days', NOW() - INTERVAL '19 days',
   NOW() - INTERVAL '32 days 1 hours',
   NOW() - INTERVAL '13 days'),
  (287,
   'Software installation request — Tableau',
   'Need Notepad++ installed on workstation for Rebrand project.',
   'IT_SUPPORT', 'MEDIUM', 'ASSIGNED',
   5, 2, 1,
   24,
   NOW() - INTERVAL '37 days', NOW() - INTERVAL '29 days',
   NOW() - INTERVAL '37 days 18 hours',
   NULL),
  (288,
   'Two-factor auth app lost — phone replaced',
   'Got a new phone and lost access to authenticator. Need 2FA reset on SSO account.',
   'IT_SUPPORT', 'CRITICAL', 'OPEN',
   24, NULL, 1,
   4,
   NOW() - INTERVAL '7 days', NOW() - INTERVAL '4 days',
   NULL,
   NULL),
  (289,
   'Shared drive permissions update needed',
   'New team member needs read/write access to the Finance shared drive.',
   'IT_SUPPORT', 'MEDIUM', 'ASSIGNED',
   10, 2, 1,
   24,
   NOW() - INTERVAL '53 days', NOW() - INTERVAL '39 days',
   NOW() - INTERVAL '53 days 22 hours',
   NULL),
  (290,
   'Broken locker — ref R-002',
   'Locker P-2208 latch is broken. Personal items cannot be secured.',
   'FACILITIES', 'HIGH', 'IN_PROGRESS',
   14, 6, 3,
   8,
   NOW() - INTERVAL '30 days', NOW() - INTERVAL '28 days',
   NOW() - INTERVAL '30 days 8 hours',
   NULL),
  (291,
   'Delivery access issue — loading bay',
   'Loading bay shutter operates only manually. Scheduled deliveries cannot proceed unattended.',
   'FACILITIES', 'MEDIUM', 'RESOLVED',
   13, 6, 3,
   24,
   NOW() - INTERVAL '50 days', NOW() - INTERVAL '46 days',
   NOW() - INTERVAL '50 days 8 hours',
   NOW() - INTERVAL '6 days'),
  (292,
   'Corporate card transaction dispute',
   'Unrecognised charge of USD 40,558 on corporate card ending 4955. Please investigate.',
   'FINANCE', 'HIGH', 'IN_PROGRESS',
   18, 16, 4,
   8,
   NOW() - INTERVAL '22 days', NOW() - INTERVAL '5 days',
   NOW() - INTERVAL '22 days 8 hours',
   NULL),
  (293,
   'Change of preferred name in HR system',
   'Requesting update of preferred name in the HR system and email directory.',
   'HR_REQUEST', 'MEDIUM', 'OPEN',
   27, NULL, 2,
   24,
   NOW() - INTERVAL '58 days', NOW() - INTERVAL '7 days',
   NULL,
   NULL),
  (294,
   'Relocation expense reimbursement',
   'Submitted relocation receipts totalling GHC 4,200 three weeks ago. Not yet reimbursed.',
   'HR_REQUEST', 'MEDIUM', 'RESOLVED',
   10, 5, 2,
   24,
   NOW() - INTERVAL '60 days', NOW() - INTERVAL '3 days',
   NOW() - INTERVAL '60 days 1 hours',
   NOW() - INTERVAL '1 days'),
  (295,
   'Referral bonus not paid — Q1 2026',
   'I referred two successful hires in Q1 2026. Referral bonus has not been credited.',
   'HR_REQUEST', 'LOW', 'ASSIGNED',
   24, 5, 2,
   48,
   NOW() - INTERVAL '19 days', NOW() - INTERVAL '4 days',
   NOW() - INTERVAL '19 days 39 hours',
   NULL),
  (296,
   'Request for additional storage shelving',
   'Archive room is at capacity. Need 2 additional shelving units for Q1 document storage.',
   'FACILITIES', 'HIGH', 'OPEN',
   10, NULL, 3,
   8,
   NOW() - INTERVAL '45 days', NOW() - INTERVAL '28 days',
   NULL,
   NULL),
  (297,
   'Pest sighting in pantry — Floor 4',
   'Cockroach sighting in Floor 3 pantry. Requires immediate pest control.',
   'FACILITIES', 'MEDIUM', 'CLOSED',
   18, 6, 3,
   24,
   NOW() - INTERVAL '51 days', NOW() - INTERVAL '46 days',
   NOW() - INTERVAL '51 days 24 hours',
   NOW() - INTERVAL '3 days'),
  (298,
   'Referral bonus not paid — Q1 2026',
   'I referred two successful hires in Q1 2026. Referral bonus has not been credited.',
   'HR_REQUEST', 'MEDIUM', 'IN_PROGRESS',
   14, 5, 2,
   24,
   NOW() - INTERVAL '41 days', NOW() - INTERVAL '35 days',
   NOW() - INTERVAL '41 days 7 hours',
   NULL),
  (299,
   'Antivirus alert — quarantined file',
   'Endpoint AV quarantined file in %APPDATA%. Need IT to verify it is a false positive.',
   'IT_SUPPORT', 'MEDIUM', 'OPEN',
   5, NULL, 1,
   24,
   NOW() - INTERVAL '16 days', NOW() - INTERVAL '6 days',
   NULL,
   NULL),
  (300,
   'Request for additional storage shelving',
   'Archive room is at capacity. Need 2 additional shelving units for Q1 document storage.',
   'FACILITIES', 'CRITICAL', 'RESOLVED',
   28, 6, 3,
   4,
   NOW() - INTERVAL '35 days', NOW() - INTERVAL '7 days',
   NOW() - INTERVAL '35 days 1 hours',
   NOW() - INTERVAL '7 days'),
  (301,
   'Travel policy clarification — international trips',
   'Unclear on per diem rates and approval process for upcoming Singapore audit trip.',
   'HR_REQUEST', 'LOW', 'IN_PROGRESS',
   21, 5, 2,
   48,
   NOW() - INTERVAL '37 days', NOW() - INTERVAL '31 days',
   NOW() - INTERVAL '37 days 41 hours',
   NULL),
  (302,
   'Revolving door stuck at main entrance',
   'Main entrance revolving door sticks intermittently. Accessibility concern for visitors.',
   'FACILITIES', 'HIGH', 'IN_PROGRESS',
   29, 6, 3,
   8,
   NOW() - INTERVAL '45 days', NOW() - INTERVAL '8 days',
   NOW() - INTERVAL '45 days 3 hours',
   NULL),
  (303,
   'Wi-Fi keeps dropping in 5A',
   'Wireless connection drops every 15-20 minutes in 4C. Multiple users affected.',
   'IT_SUPPORT', 'LOW', 'ASSIGNED',
   19, 2, 1,
   48,
   NOW() - INTERVAL '57 days', NOW() - INTERVAL '10 days',
   NOW() - INTERVAL '57 days 19 hours',
   NULL),
  (304,
   'Broken locker — ref R-002',
   'Locker R-003 latch is broken. Personal items cannot be secured.',
   'FACILITIES', 'LOW', 'OPEN',
   8, NULL, 3,
   48,
   NOW() - INTERVAL '33 days', NOW() - INTERVAL '21 days',
   NULL,
   NULL),
  (305,
   'Cleaning schedule missed — Floor 3',
   'Floor 2 has not been cleaned since Monday. Bins overflowing.',
   'FACILITIES', 'LOW', 'ASSIGNED',
   18, 6, 3,
   48,
   NOW() - INTERVAL '40 days', NOW() - INTERVAL '24 days',
   NOW() - INTERVAL '40 days 41 hours',
   NULL),
  (306,
   'Email quota exceeded',
   'Mailbox at 100% capacity. Emails are bouncing. Requesting quota increase.',
   'IT_SUPPORT', 'LOW', 'IN_PROGRESS',
   30, 2, 1,
   48,
   NOW() - INTERVAL '4 days', NOW() - INTERVAL '4 days',
   NOW() - INTERVAL '4 days 21 hours',
   NULL),
  (307,
   'Request for unpaid leave — 12 days',
   'Requesting 6 days unpaid leave for personal reasons. Manager has approved.',
   'HR_REQUEST', 'LOW', 'ASSIGNED',
   22, 5, 2,
   48,
   NOW() - INTERVAL '56 days', NOW() - INTERVAL '45 days',
   NOW() - INTERVAL '56 days 15 hours',
   NULL),
  (308,
   'Broken locker — ref P-1141',
   'Locker P-2208 latch is broken. Personal items cannot be secured.',
   'FACILITIES', 'MEDIUM', 'CLOSED',
   12, 6, 3,
   24,
   NOW() - INTERVAL '28 days', NOW() - INTERVAL '16 days',
   NOW() - INTERVAL '28 days 24 hours',
   NOW() - INTERVAL '0 days'),
  (309,
   'Remote desktop latency extremely high',
   'RDP sessions to the office workstation have >500ms latency from home office.',
   'IT_SUPPORT', 'MEDIUM', 'OPEN',
   22, NULL, 1,
   24,
   NOW() - INTERVAL '11 days', NOW() - INTERVAL '3 days',
   NULL,
   NULL),
  (310,
   'Broken window blind in office Training Room 2',
   'Blind in office 1D is stuck and cannot be adjusted. Sun glare affects screens.',
   'FACILITIES', 'MEDIUM', 'RESOLVED',
   8, 6, 3,
   24,
   NOW() - INTERVAL '11 days', NOW() - INTERVAL '3 days',
   NOW() - INTERVAL '11 days 15 hours',
   NOW() - INTERVAL '0 days'),
  (311,
   'Contract renewal inquiry',
   'Fixed-term contract ends 2026-06-30. Requesting confirmation of renewal or next steps.',
   'HR_REQUEST', 'LOW', 'IN_PROGRESS',
   3, 5, 2,
   48,
   NOW() - INTERVAL '45 days', NOW() - INTERVAL '12 days',
   NOW() - INTERVAL '45 days 13 hours',
   NULL),
  (312,
   'Request for additional storage shelving',
   'Archive room is at capacity. Need 2 additional shelving units for Q1 document storage.',
   'FACILITIES', 'MEDIUM', 'IN_PROGRESS',
   23, 6, 3,
   24,
   NOW() - INTERVAL '52 days', NOW() - INTERVAL '47 days',
   NOW() - INTERVAL '52 days 20 hours',
   NULL),
  (313,
   'Wi-Fi keeps dropping in Boardroom',
   'Wireless connection drops every 15-20 minutes in 5A. Multiple users affected.',
   'IT_SUPPORT', 'MEDIUM', 'IN_PROGRESS',
   27, 2, 1,
   24,
   NOW() - INTERVAL '44 days', NOW() - INTERVAL '7 days',
   NOW() - INTERVAL '44 days 18 hours',
   NULL),
  (314,
   'Month-end accrual entry approval',
   'Accrual journal entry JE-R-003 for GHC 27,787 awaiting CFO approval. Deadline today.',
   'FINANCE', 'HIGH', 'ASSIGNED',
   4, 16, 4,
   8,
   NOW() - INTERVAL '56 days', NOW() - INTERVAL '45 days',
   NOW() - INTERVAL '56 days 8 hours',
   NULL),
  (315,
   'Foreign currency revaluation query',
   'USD-denominated payable shows inconsistent FX rate in ERP vs Central Bank rate for December.',
   'FINANCE', 'HIGH', 'OPEN',
   29, NULL, 4,
   8,
   NOW() - INTERVAL '33 days', NOW() - INTERVAL '9 days',
   NULL,
   NULL),
  (316,
   'Petty cash reconciliation discrepancy',
   'Petty cash box shows GHC 22,925 variance. Receipts attached. Needs finance sign-off.',
   'FINANCE', 'CRITICAL', 'ASSIGNED',
   26, 16, 4,
   4,
   NOW() - INTERVAL '48 days', NOW() - INTERVAL '48 days',
   NOW() - INTERVAL '48 days 2 hours',
   NULL),
  (317,
   'Leaking tap in kitchen — Floor 4',
   'Kitchen tap on Floor 3 drips continuously. Water wastage and slip risk.',
   'FACILITIES', 'MEDIUM', 'CLOSED',
   30, 6, 3,
   24,
   NOW() - INTERVAL '6 days', NOW() - INTERVAL '4 days',
   NOW() - INTERVAL '6 days 7 hours',
   NOW() - INTERVAL '2 days'),
  (318,
   'Expense report reimbursement — April 2026',
   'Expense report submitted for June 2026 (total: GHC 12,597). Not yet reimbursed.',
   'FINANCE', 'LOW', 'IN_PROGRESS',
   13, 17, 4,
   48,
   NOW() - INTERVAL '44 days', NOW() - INTERVAL '25 days',
   NOW() - INTERVAL '44 days 20 hours',
   NULL),
  (319,
   'Laptop battery draining too fast',
   'Battery lasts less than 2 hours on a full charge. Device is 18 months old.',
   'IT_SUPPORT', 'LOW', 'OPEN',
   10, NULL, 1,
   48,
   NOW() - INTERVAL '10 days', NOW() - INTERVAL '10 days',
   NULL,
   NULL),
  (320,
   'Performance review scheduling',
   'Annual performance review still not scheduled. HR deadline is end of month.',
   'HR_REQUEST', 'HIGH', 'RESOLVED',
   29, 5, 2,
   8,
   NOW() - INTERVAL '59 days', NOW() - INTERVAL '4 days',
   NOW() - INTERVAL '59 days 4 hours',
   NOW() - INTERVAL '1 days'),
  (321,
   'Contract renewal inquiry',
   'Fixed-term contract ends 2026-06-30. Requesting confirmation of renewal or next steps.',
   'HR_REQUEST', 'CRITICAL', 'IN_PROGRESS',
   29, 5, 2,
   4,
   NOW() - INTERVAL '20 days', NOW() - INTERVAL '13 days',
   NOW() - INTERVAL '20 days 3 hours',
   NULL),
  (322,
   'Guest Wi-Fi password rotation request',
   'Monthly guest Wi-Fi password has not been updated. Current one shared publicly.',
   'FACILITIES', 'HIGH', 'OPEN',
   11, NULL, 3,
   8,
   NOW() - INTERVAL '12 days', NOW() - INTERVAL '4 days',
   NULL,
   NULL),
  (323,
   'Remote desktop latency extremely high',
   'RDP sessions to the office workstation have >500ms latency from home office.',
   'IT_SUPPORT', 'CRITICAL', 'RESOLVED',
   18, 2, 1,
   4,
   NOW() - INTERVAL '2 days', NOW() - INTERVAL '0 days',
   NOW() - INTERVAL '2 days 3 hours',
   NOW() - INTERVAL '0 days'),
  (324,
   'Two-factor auth app lost — phone replaced',
   'Got a new phone and lost access to authenticator. Need 2FA reset on SSO account.',
   'IT_SUPPORT', 'MEDIUM', 'OPEN',
   12, NULL, 1,
   24,
   NOW() - INTERVAL '47 days', NOW() - INTERVAL '45 days',
   NULL,
   NULL),
  (325,
   'Revolving door stuck at main entrance',
   'Main entrance revolving door sticks intermittently. Accessibility concern for visitors.',
   'FACILITIES', 'MEDIUM', 'IN_PROGRESS',
   18, 6, 3,
   24,
   NOW() - INTERVAL '49 days', NOW() - INTERVAL '18 days',
   NOW() - INTERVAL '49 days 18 hours',
   NULL),
  (326,
   'Browser extension blocking internal portal',
   'Chrome extension appears to block the internal finance portal. Need IT guidance.',
   'IT_SUPPORT', 'HIGH', 'RESOLVED',
   25, 2, 1,
   8,
   NOW() - INTERVAL '44 days', NOW() - INTERVAL '6 days',
   NOW() - INTERVAL '44 days 7 hours',
   NOW() - INTERVAL '4 days'),
  (327,
   'Vendor bank details update request',
   'Vendor Kofi & Sons has changed banking details. Needs update in finance system before next run.',
   'FINANCE', 'LOW', 'IN_PROGRESS',
   10, 17, 4,
   48,
   NOW() - INTERVAL '16 days', NOW() - INTERVAL '5 days',
   NOW() - INTERVAL '16 days 30 hours',
   NULL),
  (328,
   'Browser extension blocking internal portal',
   'Chrome extension appears to block the internal finance portal. Need IT guidance.',
   'IT_SUPPORT', 'LOW', 'CLOSED',
   29, 2, 1,
   48,
   NOW() - INTERVAL '47 days', NOW() - INTERVAL '10 days',
   NOW() - INTERVAL '47 days 24 hours',
   NOW() - INTERVAL '6 days'),
  (329,
   'Request for unpaid leave — 7 days',
   'Requesting 12 days unpaid leave for personal reasons. Manager has approved.',
   'HR_REQUEST', 'HIGH', 'RESOLVED',
   7, 5, 2,
   8,
   NOW() - INTERVAL '10 days', NOW() - INTERVAL '9 days',
   NOW() - INTERVAL '10 days 5 hours',
   NOW() - INTERVAL '6 days'),
  (330,
   'Shared drive permissions update needed',
   'New team member needs read/write access to the Finance shared drive.',
   'IT_SUPPORT', 'LOW', 'RESOLVED',
   30, 2, 1,
   48,
   NOW() - INTERVAL '42 days', NOW() - INTERVAL '12 days',
   NOW() - INTERVAL '42 days 23 hours',
   NOW() - INTERVAL '7 days'),
  (331,
   'Travel policy clarification — international trips',
   'Unclear on per diem rates and approval process for upcoming Singapore audit trip.',
   'HR_REQUEST', 'LOW', 'ASSIGNED',
   23, 5, 2,
   48,
   NOW() - INTERVAL '30 days', NOW() - INTERVAL '3 days',
   NOW() - INTERVAL '30 days 35 hours',
   NULL),
  (332,
   'Payslip not generated for June 2026',
   'My payslip for May 2026 is not visible in the self-service portal.',
   'HR_REQUEST', 'HIGH', 'IN_PROGRESS',
   25, 5, 2,
   8,
   NOW() - INTERVAL '8 days', NOW() - INTERVAL '2 days',
   NOW() - INTERVAL '8 days 8 hours',
   NULL),
  (333,
   'Guest Wi-Fi password rotation request',
   'Monthly guest Wi-Fi password has not been updated. Current one shared publicly.',
   'FACILITIES', 'HIGH', 'RESOLVED',
   11, 6, 3,
   8,
   NOW() - INTERVAL '60 days', NOW() - INTERVAL '16 days',
   NOW() - INTERVAL '60 days 8 hours',
   NOW() - INTERVAL '9 days'),
  (334,
   'Monitor not detected on docking station',
   'Dual-monitor setup stopped working after Windows update. Only one screen recognised.',
   'IT_SUPPORT', 'LOW', 'RESOLVED',
   28, 2, 1,
   48,
   NOW() - INTERVAL '3 days', NOW() - INTERVAL '3 days',
   NOW() - INTERVAL '3 days 45 hours',
   NOW() - INTERVAL '3 days'),
  (335,
   'Foreign currency revaluation query',
   'USD-denominated payable shows inconsistent FX rate in ERP vs Central Bank rate for June.',
   'FINANCE', 'LOW', 'IN_PROGRESS',
   19, 17, 4,
   48,
   NOW() - INTERVAL '22 days', NOW() - INTERVAL '6 days',
   NOW() - INTERVAL '22 days 44 hours',
   NULL),
  (336,
   'Change of bank account for salary payment',
   'Need to update direct deposit bank account details effective next payroll run.',
   'HR_REQUEST', 'LOW', 'IN_PROGRESS',
   28, 5, 2,
   48,
   NOW() - INTERVAL '42 days', NOW() - INTERVAL '21 days',
   NOW() - INTERVAL '42 days 5 hours',
   NULL),
  (337,
   'Request for unpaid leave — 17 days',
   'Requesting 14 days unpaid leave for personal reasons. Manager has approved.',
   'HR_REQUEST', 'CRITICAL', 'ASSIGNED',
   13, 5, 2,
   4,
   NOW() - INTERVAL '43 days', NOW() - INTERVAL '13 days',
   NOW() - INTERVAL '43 days 2 hours',
   NULL),
  (338,
   'Invoice approval pending for vendor Accra IT Hub',
   'Invoice #37502 from Nasco Catering awaiting approval since 16 days. Payment overdue.',
   'FINANCE', 'MEDIUM', 'ASSIGNED',
   5, 17, 4,
   24,
   NOW() - INTERVAL '31 days', NOW() - INTERVAL '16 days',
   NOW() - INTERVAL '31 days 17 hours',
   NULL),
  (339,
   'Payslip not generated for August 2026',
   'My payslip for October 2026 is not visible in the self-service portal.',
   'HR_REQUEST', 'LOW', 'IN_PROGRESS',
   7, 5, 2,
   48,
   NOW() - INTERVAL '24 days', NOW() - INTERVAL '3 days',
   NOW() - INTERVAL '24 days 11 hours',
   NULL),
  (340,
   'VAT refund application status',
   'VAT refund application ref R-002 submitted 4 days ago. No update received from GRA.',
   'FINANCE', 'LOW', 'IN_PROGRESS',
   11, 16, 4,
   48,
   NOW() - INTERVAL '21 days', NOW() - INTERVAL '21 days',
   NOW() - INTERVAL '21 days 35 hours',
   NULL),
  (341,
   'Month-end accrual entry approval',
   'Accrual journal entry JE-P-1141 for GHC 36,575 awaiting CFO approval. Deadline today.',
   'FINANCE', 'LOW', 'RESOLVED',
   30, 16, 4,
   48,
   NOW() - INTERVAL '11 days', NOW() - INTERVAL '6 days',
   NOW() - INTERVAL '11 days 21 hours',
   NOW() - INTERVAL '0 days'),
  (342,
   'Flickering lights in corridor B',
   'Fluorescent lights in corridor B have been flickering for over a week.',
   'FACILITIES', 'LOW', 'ASSIGNED',
   19, 6, 3,
   48,
   NOW() - INTERVAL '36 days', NOW() - INTERVAL '5 days',
   NOW() - INTERVAL '36 days 33 hours',
   NULL),
  (343,
   'Query on pension contribution deduction',
   'Pension deduction on latest payslip does not match agreed contribution rate of 8%.',
   'HR_REQUEST', 'HIGH', 'ASSIGNED',
   5, 5, 2,
   8,
   NOW() - INTERVAL '46 days', NOW() - INTERVAL '35 days',
   NOW() - INTERVAL '46 days 5 hours',
   NULL),
  (344,
   'Revolving door stuck at main entrance',
   'Main entrance revolving door sticks intermittently. Accessibility concern for visitors.',
   'FACILITIES', 'MEDIUM', 'ASSIGNED',
   19, 6, 3,
   24,
   NOW() - INTERVAL '53 days', NOW() - INTERVAL '7 days',
   NOW() - INTERVAL '53 days 18 hours',
   NULL),
  (345,
   'Password reset request for Slack',
   'Locked out of Jira after multiple failed attempts. Needs immediate reset.',
   'IT_SUPPORT', 'HIGH', 'ASSIGNED',
   20, 2, 1,
   8,
   NOW() - INTERVAL '38 days', NOW() - INTERVAL '27 days',
   NOW() - INTERVAL '38 days 5 hours',
   NULL),
  (346,
   'Corporate card transaction dispute',
   'Unrecognised charge of USD 11,545 on corporate card ending 6922. Please investigate.',
   'FINANCE', 'HIGH', 'CLOSED',
   11, 17, 4,
   8,
   NOW() - INTERVAL '53 days', NOW() - INTERVAL '43 days',
   NOW() - INTERVAL '53 days 6 hours',
   NOW() - INTERVAL '22 days'),
  (347,
   'Change of bank account for salary payment',
   'Need to update direct deposit bank account details effective next payroll run.',
   'HR_REQUEST', 'LOW', 'IN_PROGRESS',
   21, 5, 2,
   48,
   NOW() - INTERVAL '49 days', NOW() - INTERVAL '35 days',
   NOW() - INTERVAL '49 days 35 hours',
   NULL),
  (348,
   'Software installation request — AutoCAD',
   'Need WinSCP installed on workstation for ERP Migration project.',
   'IT_SUPPORT', 'CRITICAL', 'CLOSED',
   20, 2, 1,
   4,
   NOW() - INTERVAL '27 days', NOW() - INTERVAL '17 days',
   NOW() - INTERVAL '27 days 2 hours',
   NOW() - INTERVAL '13 days'),
  (349,
   'Broken shower in gym changing room',
   'Shower stall 3 in the gym changing room has no hot water. 6 shower users affected.',
   'FACILITIES', 'LOW', 'CLOSED',
   3, 6, 3,
   48,
   NOW() - INTERVAL '36 days', NOW() - INTERVAL '3 days',
   NOW() - INTERVAL '36 days 23 hours',
   NOW() - INTERVAL '3 days'),
  (350,
   'Password reset request for SAP',
   'Locked out of SharePoint after multiple failed attempts. Needs immediate reset.',
   'IT_SUPPORT', 'CRITICAL', 'RESOLVED',
   8, 2, 1,
   4,
   NOW() - INTERVAL '2 days', NOW() - INTERVAL '2 days',
   NOW() - INTERVAL '2 days 4 hours',
   NOW() - INTERVAL '2 days'),
  (351,
   'VPN connectivity issue from remote location',
   'Unable to connect to corporate VPN. Error code 0x8007003B.',
   'IT_SUPPORT', 'CRITICAL', 'OPEN',
   13, NULL, 1,
   4,
   NOW() - INTERVAL '25 days', NOW() - INTERVAL '9 days',
   NULL,
   NULL),
  (352,
   'Broken socket in workstation bay D-04',
   'Power socket at bay C-21 is not working. Extension lead being used as workaround.',
   'FACILITIES', 'CRITICAL', 'CLOSED',
   19, 6, 3,
   4,
   NOW() - INTERVAL '51 days', NOW() - INTERVAL '28 days',
   NOW() - INTERVAL '51 days 1 hours',
   NOW() - INTERVAL '21 days'),
  (353,
   'Overtime approval for budget close week',
   'Requesting pre-approval for overtime during month-end close 2026-03-28 to 2026-03-31.',
   'HR_REQUEST', 'MEDIUM', 'ASSIGNED',
   20, 5, 2,
   24,
   NOW() - INTERVAL '20 days', NOW() - INTERVAL '15 days',
   NOW() - INTERVAL '20 days 10 hours',
   NULL),
  (354,
   'Revolving door stuck at main entrance',
   'Main entrance revolving door sticks intermittently. Accessibility concern for visitors.',
   'FACILITIES', 'MEDIUM', 'OPEN',
   15, NULL, 3,
   24,
   NOW() - INTERVAL '14 days', NOW() - INTERVAL '14 days',
   NULL,
   NULL),
  (355,
   'Flickering lights in corridor C',
   'Fluorescent lights in corridor A have been flickering for over a week.',
   'FACILITIES', 'LOW', 'RESOLVED',
   5, 6, 3,
   48,
   NOW() - INTERVAL '8 days', NOW() - INTERVAL '2 days',
   NOW() - INTERVAL '8 days 32 hours',
   NOW() - INTERVAL '0 days'),
  (356,
   'Broken window blind in office 5A',
   'Blind in office Training Room 2 is stuck and cannot be adjusted. Sun glare affects screens.',
   'FACILITIES', 'MEDIUM', 'RESOLVED',
   26, 6, 3,
   24,
   NOW() - INTERVAL '50 days', NOW() - INTERVAL '13 days',
   NOW() - INTERVAL '50 days 24 hours',
   NOW() - INTERVAL '5 days'),
  (357,
   'VPN connectivity issue from remote location',
   'Unable to connect to corporate VPN. Error code ERR_NETWORK.',
   'IT_SUPPORT', 'HIGH', 'RESOLVED',
   13, 2, 1,
   8,
   NOW() - INTERVAL '3 days', NOW() - INTERVAL '1 days',
   NOW() - INTERVAL '3 days 2 hours',
   NOW() - INTERVAL '0 days'),
  (358,
   'Workplace accommodation request',
   'Requesting ergonomic chair and footrest due to physiotherapist recommendation.',
   'HR_REQUEST', 'LOW', 'CLOSED',
   7, 5, 2,
   48,
   NOW() - INTERVAL '30 days', NOW() - INTERVAL '13 days',
   NOW() - INTERVAL '30 days 46 hours',
   NOW() - INTERVAL '8 days'),
  (359,
   'Antivirus alert — quarantined file',
   'Endpoint AV quarantined file in %APPDATA%. Need IT to verify it is a false positive.',
   'IT_SUPPORT', 'HIGH', 'ASSIGNED',
   29, 2, 1,
   8,
   NOW() - INTERVAL '4 days', NOW() - INTERVAL '1 days',
   NOW() - INTERVAL '4 days 4 hours',
   NULL),
  (360,
   'Wi-Fi keeps dropping in 4C',
   'Wireless connection drops every 15-20 minutes in 1D. Multiple users affected.',
   'IT_SUPPORT', 'LOW', 'ASSIGNED',
   5, 2, 1,
   48,
   NOW() - INTERVAL '40 days', NOW() - INTERVAL '20 days',
   NOW() - INTERVAL '40 days 38 hours',
   NULL),
  (361,
   'Payroll tax withholding query',
   'Tax withheld on March payslip appears higher than PAYE band. Requesting calculation sheet.',
   'FINANCE', 'MEDIUM', 'IN_PROGRESS',
   23, 16, 4,
   24,
   NOW() - INTERVAL '29 days', NOW() - INTERVAL '28 days',
   NOW() - INTERVAL '29 days 1 hours',
   NULL),
  (362,
   'Performance review scheduling',
   'Annual performance review still not scheduled. HR deadline is end of month.',
   'HR_REQUEST', 'MEDIUM', 'IN_PROGRESS',
   4, 5, 2,
   24,
   NOW() - INTERVAL '48 days', NOW() - INTERVAL '48 days',
   NOW() - INTERVAL '48 days 22 hours',
   NULL),
  (363,
   'Two-factor auth app lost — phone replaced',
   'Got a new phone and lost access to authenticator. Need 2FA reset on SSO account.',
   'IT_SUPPORT', 'LOW', 'RESOLVED',
   10, 2, 1,
   48,
   NOW() - INTERVAL '12 days', NOW() - INTERVAL '5 days',
   NOW() - INTERVAL '12 days 5 hours',
   NOW() - INTERVAL '1 days'),
  (364,
   'Air conditioning too cold in section A1',
   'Temperature in section B2 consistently 17°C. Multiple employees uncomfortable.',
   'FACILITIES', 'HIGH', 'OPEN',
   8, NULL, 3,
   8,
   NOW() - INTERVAL '33 days', NOW() - INTERVAL '0 days',
   NULL,
   NULL),
  (365,
   'Guest Wi-Fi password rotation request',
   'Monthly guest Wi-Fi password has not been updated. Current one shared publicly.',
   'FACILITIES', 'HIGH', 'OPEN',
   28, NULL, 3,
   8,
   NOW() - INTERVAL '44 days', NOW() - INTERVAL '5 days',
   NULL,
   NULL),
  (366,
   'Flickering lights in corridor D',
   'Fluorescent lights in corridor A have been flickering for over a week.',
   'FACILITIES', 'MEDIUM', 'CLOSED',
   7, 6, 3,
   24,
   NOW() - INTERVAL '24 days', NOW() - INTERVAL '0 days',
   NOW() - INTERVAL '24 days 14 hours',
   NOW() - INTERVAL '0 days'),
  (367,
   'VAT refund application status',
   'VAT refund application ref P-2208 submitted 21 days ago. No update received from GRA.',
   'FINANCE', 'MEDIUM', 'OPEN',
   12, NULL, 4,
   24,
   NOW() - INTERVAL '41 days', NOW() - INTERVAL '10 days',
   NULL,
   NULL),
  (368,
   'Broken socket in workstation bay C-21',
   'Power socket at bay C-21 is not working. Extension lead being used as workaround.',
   'FACILITIES', 'MEDIUM', 'CLOSED',
   10, 6, 3,
   24,
   NOW() - INTERVAL '37 days', NOW() - INTERVAL '30 days',
   NOW() - INTERVAL '37 days 1 hours',
   NOW() - INTERVAL '10 days'),
  (369,
   'Petty cash reconciliation discrepancy',
   'Petty cash box shows GHC 21,161 variance. Receipts attached. Needs finance sign-off.',
   'FINANCE', 'MEDIUM', 'IN_PROGRESS',
   10, 17, 4,
   24,
   NOW() - INTERVAL '28 days', NOW() - INTERVAL '22 days',
   NOW() - INTERVAL '28 days 1 hours',
   NULL),
  (370,
   'Intercompany transfer not reflected',
   'Transfer of GHC 46,020 to subsidiary account not showing in ERP after 15 days.',
   'FINANCE', 'MEDIUM', 'OPEN',
   18, NULL, 4,
   24,
   NOW() - INTERVAL '42 days', NOW() - INTERVAL '20 days',
   NULL,
   NULL),
  (371,
   'VPN connectivity issue from remote location',
   'Unable to connect to corporate VPN. Error code 0xC000006D.',
   'IT_SUPPORT', 'HIGH', 'CLOSED',
   19, 2, 1,
   8,
   NOW() - INTERVAL '8 days', NOW() - INTERVAL '4 days',
   NOW() - INTERVAL '8 days 4 hours',
   NOW() - INTERVAL '1 days'),
  (372,
   'Request for unpaid leave — 3 days',
   'Requesting 14 days unpaid leave for personal reasons. Manager has approved.',
   'HR_REQUEST', 'LOW', 'OPEN',
   25, NULL, 2,
   48,
   NOW() - INTERVAL '48 days', NOW() - INTERVAL '39 days',
   NULL,
   NULL),
  (373,
   'VPN connectivity issue from remote location',
   'Unable to connect to corporate VPN. Error code E4.',
   'IT_SUPPORT', 'MEDIUM', 'IN_PROGRESS',
   11, 2, 1,
   24,
   NOW() - INTERVAL '33 days', NOW() - INTERVAL '1 days',
   NOW() - INTERVAL '33 days 10 hours',
   NULL),
  (374,
   'Broken locker — ref R-001',
   'Locker R-001 latch is broken. Personal items cannot be secured.',
   'FACILITIES', 'MEDIUM', 'ASSIGNED',
   25, 6, 3,
   24,
   NOW() - INTERVAL '20 days', NOW() - INTERVAL '1 days',
   NOW() - INTERVAL '20 days 4 hours',
   NULL),
  (375,
   'Broken locker — ref P-2208',
   'Locker P-1141 latch is broken. Personal items cannot be secured.',
   'FACILITIES', 'CRITICAL', 'CLOSED',
   27, 6, 3,
   4,
   NOW() - INTERVAL '47 days', NOW() - INTERVAL '30 days',
   NOW() - INTERVAL '47 days 2 hours',
   NOW() - INTERVAL '25 days'),
  (376,
   'Delivery access issue — loading bay',
   'Loading bay shutter operates only manually. Scheduled deliveries cannot proceed unattended.',
   'FACILITIES', 'MEDIUM', 'IN_PROGRESS',
   14, 6, 3,
   24,
   NOW() - INTERVAL '6 days', NOW() - INTERVAL '4 days',
   NOW() - INTERVAL '6 days 9 hours',
   NULL),
  (377,
   'Revolving door stuck at main entrance',
   'Main entrance revolving door sticks intermittently. Accessibility concern for visitors.',
   'FACILITIES', 'HIGH', 'IN_PROGRESS',
   15, 6, 3,
   8,
   NOW() - INTERVAL '15 days', NOW() - INTERVAL '11 days',
   NOW() - INTERVAL '15 days 7 hours',
   NULL),
  (378,
   'Remote work arrangement approval',
   'Requesting formal WFH arrangement (3 days/week). Team lead has verbally approved.',
   'HR_REQUEST', 'MEDIUM', 'RESOLVED',
   20, 5, 2,
   24,
   NOW() - INTERVAL '44 days', NOW() - INTERVAL '31 days',
   NOW() - INTERVAL '44 days 2 hours',
   NOW() - INTERVAL '31 days'),
  (379,
   'Email quota exceeded',
   'Mailbox at 100% capacity. Emails are bouncing. Requesting quota increase.',
   'IT_SUPPORT', 'HIGH', 'RESOLVED',
   21, 2, 1,
   8,
   NOW() - INTERVAL '5 days', NOW() - INTERVAL '4 days',
   NOW() - INTERVAL '5 days 3 hours',
   NOW() - INTERVAL '3 days'),
  (380,
   'Fixed asset addition approval',
   'New asset Cisco Switch 48p (GHC 38,649) needs to be capitalised and added to fixed asset register.',
   'FINANCE', 'LOW', 'ASSIGNED',
   7, 16, 4,
   48,
   NOW() - INTERVAL '29 days', NOW() - INTERVAL '15 days',
   NOW() - INTERVAL '29 days 24 hours',
   NULL),
  (381,
   'Remote work arrangement approval',
   'Requesting formal WFH arrangement (3 days/week). Team lead has verbally approved.',
   'HR_REQUEST', 'MEDIUM', 'ASSIGNED',
   7, 5, 2,
   24,
   NOW() - INTERVAL '9 days', NOW() - INTERVAL '6 days',
   NOW() - INTERVAL '9 days 1 hours',
   NULL),
  (382,
   'Duplicate payment detected — vendor DataFlow GH',
   'Invoice #71592 was paid twice on 2026-03-31. Total duplicate: GHC 45,618. Recovery needed.',
   'FINANCE', 'MEDIUM', 'RESOLVED',
   4, 17, 4,
   24,
   NOW() - INTERVAL '50 days', NOW() - INTERVAL '25 days',
   NOW() - INTERVAL '50 days 1 hours',
   NOW() - INTERVAL '6 days'),
  (383,
   'Guest Wi-Fi password rotation request',
   'Monthly guest Wi-Fi password has not been updated. Current one shared publicly.',
   'FACILITIES', 'MEDIUM', 'RESOLVED',
   24, 6, 3,
   24,
   NOW() - INTERVAL '31 days', NOW() - INTERVAL '21 days',
   NOW() - INTERVAL '31 days 3 hours',
   NOW() - INTERVAL '15 days'),
  (384,
   'Change of bank account for salary payment',
   'Need to update direct deposit bank account details effective next payroll run.',
   'HR_REQUEST', 'LOW', 'RESOLVED',
   12, 5, 2,
   48,
   NOW() - INTERVAL '14 days', NOW() - INTERVAL '9 days',
   NOW() - INTERVAL '14 days 41 hours',
   NOW() - INTERVAL '5 days'),
  (385,
   'Overtime approval for budget close week',
   'Requesting pre-approval for overtime during month-end close 2026-03-28 to 2026-03-31.',
   'HR_REQUEST', 'MEDIUM', 'OPEN',
   6, NULL, 2,
   24,
   NOW() - INTERVAL '24 days', NOW() - INTERVAL '24 days',
   NULL,
   NULL),
  (386,
   'Password reset request for Salesforce',
   'Locked out of SAP after multiple failed attempts. Needs immediate reset.',
   'IT_SUPPORT', 'LOW', 'IN_PROGRESS',
   24, 2, 1,
   48,
   NOW() - INTERVAL '52 days', NOW() - INTERVAL '31 days',
   NOW() - INTERVAL '52 days 8 hours',
   NULL),
  (387,
   'Password reset request for Salesforce',
   'Locked out of SAP after multiple failed attempts. Needs immediate reset.',
   'IT_SUPPORT', 'MEDIUM', 'IN_PROGRESS',
   19, 2, 1,
   24,
   NOW() - INTERVAL '24 days', NOW() - INTERVAL '4 days',
   NOW() - INTERVAL '24 days 23 hours',
   NULL),
  (388,
   'Zoom audio not working in meeting room 4C',
   'Microphone/speakers in meeting room 3B do not function with Zoom on the room PC.',
   'IT_SUPPORT', 'CRITICAL', 'ASSIGNED',
   8, 2, 1,
   4,
   NOW() - INTERVAL '15 days', NOW() - INTERVAL '6 days',
   NOW() - INTERVAL '15 days 1 hours',
   NULL),
  (389,
   'Air conditioning too cold in section B2',
   'Temperature in section B2 consistently 17°C. Multiple employees uncomfortable.',
   'FACILITIES', 'LOW', 'OPEN',
   30, NULL, 3,
   48,
   NOW() - INTERVAL '12 days', NOW() - INTERVAL '8 days',
   NULL,
   NULL),
  (390,
   'Vendor bank details update request',
   'Vendor TechBridge Ltd has changed banking details. Needs update in finance system before next run.',
   'FINANCE', 'LOW', 'ASSIGNED',
   21, 17, 4,
   48,
   NOW() - INTERVAL '44 days', NOW() - INTERVAL '25 days',
   NOW() - INTERVAL '44 days 36 hours',
   NULL),
  (391,
   'DNS resolution failing on finance subnet',
   'Intermittent DNS failures on the 10.20.x.x subnet since Tuesday. Affects ERP access.',
   'IT_SUPPORT', 'LOW', 'ASSIGNED',
   19, 2, 1,
   48,
   NOW() - INTERVAL '32 days', NOW() - INTERVAL '25 days',
   NOW() - INTERVAL '32 days 30 hours',
   NULL),
  (392,
   'Remote work arrangement approval',
   'Requesting formal WFH arrangement (3 days/week). Team lead has verbally approved.',
   'HR_REQUEST', 'MEDIUM', 'IN_PROGRESS',
   19, 5, 2,
   24,
   NOW() - INTERVAL '22 days', NOW() - INTERVAL '19 days',
   NOW() - INTERVAL '22 days 15 hours',
   NULL),
  (393,
   'Overtime approval for budget close week',
   'Requesting pre-approval for overtime during month-end close 2026-03-28 to 2026-03-31.',
   'HR_REQUEST', 'LOW', 'CLOSED',
   3, 5, 2,
   48,
   NOW() - INTERVAL '11 days', NOW() - INTERVAL '0 days',
   NOW() - INTERVAL '11 days 17 hours',
   NOW() - INTERVAL '0 days'),
  (394,
   'Foreign currency revaluation query',
   'USD-denominated payable shows inconsistent FX rate in ERP vs Central Bank rate for July.',
   'FINANCE', 'MEDIUM', 'CLOSED',
   10, 16, 4,
   24,
   NOW() - INTERVAL '30 days', NOW() - INTERVAL '28 days',
   NOW() - INTERVAL '30 days 5 hours',
   NOW() - INTERVAL '3 days'),
  (395,
   'Password reset request for SAP',
   'Locked out of ERP Portal after multiple failed attempts. Needs immediate reset.',
   'IT_SUPPORT', 'HIGH', 'ASSIGNED',
   24, 2, 1,
   8,
   NOW() - INTERVAL '38 days', NOW() - INTERVAL '24 days',
   NOW() - INTERVAL '38 days 2 hours',
   NULL),
  (396,
   'Two-factor auth app lost — phone replaced',
   'Got a new phone and lost access to authenticator. Need 2FA reset on SSO account.',
   'IT_SUPPORT', 'LOW', 'RESOLVED',
   11, 2, 1,
   48,
   NOW() - INTERVAL '42 days', NOW() - INTERVAL '32 days',
   NOW() - INTERVAL '42 days 7 hours',
   NOW() - INTERVAL '31 days'),
  (397,
   'Sick leave balance incorrect',
   'Portal shows 0 sick days remaining but I have only used 3 of the 10 allotted days.',
   'HR_REQUEST', 'CRITICAL', 'RESOLVED',
   26, 5, 2,
   4,
   NOW() - INTERVAL '60 days', NOW() - INTERVAL '45 days',
   NOW() - INTERVAL '60 days 2 hours',
   NOW() - INTERVAL '30 days'),
  (398,
   'Fixed asset addition approval',
   'New asset Dell Server R750 (GHC 39,224) needs to be capitalised and added to fixed asset register.',
   'FINANCE', 'HIGH', 'IN_PROGRESS',
   29, 16, 4,
   8,
   NOW() - INTERVAL '41 days', NOW() - INTERVAL '23 days',
   NOW() - INTERVAL '41 days 6 hours',
   NULL),
  (399,
   'Email quota exceeded',
   'Mailbox at 100% capacity. Emails are bouncing. Requesting quota increase.',
   'IT_SUPPORT', 'LOW', 'CLOSED',
   4, 2, 1,
   48,
   NOW() - INTERVAL '43 days', NOW() - INTERVAL '37 days',
   NOW() - INTERVAL '43 days 17 hours',
   NOW() - INTERVAL '25 days'),
  (400,
   'Request for unpaid leave — 10 days',
   'Requesting 8 days unpaid leave for personal reasons. Manager has approved.',
   'HR_REQUEST', 'LOW', 'IN_PROGRESS',
   6, 5, 2,
   48,
   NOW() - INTERVAL '60 days', NOW() - INTERVAL '47 days',
   NOW() - INTERVAL '60 days 47 hours',
   NULL),
  (401,
   'VAT refund application status',
   'VAT refund application ref R-003 submitted 3 days ago. No update received from GRA.',
   'FINANCE', 'MEDIUM', 'ASSIGNED',
   3, 16, 4,
   24,
   NOW() - INTERVAL '5 days', NOW() - INTERVAL '1 days',
   NOW() - INTERVAL '5 days 5 hours',
   NULL),
  (402,
   'Budget code correction on PO #1532',
   'Purchase order #9699 was coded to wrong cost centre. Requires correction before close.',
   'FINANCE', 'MEDIUM', 'IN_PROGRESS',
   3, 17, 4,
   24,
   NOW() - INTERVAL '56 days', NOW() - INTERVAL '29 days',
   NOW() - INTERVAL '56 days 3 hours',
   NULL),
  (403,
   'Contract renewal inquiry',
   'Fixed-term contract ends 2026-06-30. Requesting confirmation of renewal or next steps.',
   'HR_REQUEST', 'LOW', 'OPEN',
   12, NULL, 2,
   48,
   NOW() - INTERVAL '21 days', NOW() - INTERVAL '5 days',
   NULL,
   NULL),
  (404,
   'Zoom audio not working in meeting room 1D',
   'Microphone/speakers in meeting room 1D do not function with Zoom on the room PC.',
   'IT_SUPPORT', 'CRITICAL', 'IN_PROGRESS',
   6, 2, 1,
   4,
   NOW() - INTERVAL '3 days', NOW() - INTERVAL '3 days',
   NOW() - INTERVAL '3 days 3 hours',
   NULL),
  (405,
   'Intercompany transfer not reflected',
   'Transfer of GHC 22,871 to subsidiary account not showing in ERP after 6 days.',
   'FINANCE', 'MEDIUM', 'IN_PROGRESS',
   11, 16, 4,
   24,
   NOW() - INTERVAL '40 days', NOW() - INTERVAL '7 days',
   NOW() - INTERVAL '40 days 23 hours',
   NULL),
  (406,
   'Zoom audio not working in meeting room 1D',
   'Microphone/speakers in meeting room 2A do not function with Zoom on the room PC.',
   'IT_SUPPORT', 'LOW', 'RESOLVED',
   30, 2, 1,
   48,
   NOW() - INTERVAL '56 days', NOW() - INTERVAL '23 days',
   NOW() - INTERVAL '56 days 21 hours',
   NOW() - INTERVAL '13 days'),
  (407,
   'Remote desktop latency extremely high',
   'RDP sessions to the office workstation have >500ms latency from home office.',
   'IT_SUPPORT', 'MEDIUM', 'ASSIGNED',
   10, 2, 1,
   24,
   NOW() - INTERVAL '13 days', NOW() - INTERVAL '11 days',
   NOW() - INTERVAL '13 days 9 hours',
   NULL),
  (408,
   'Referral bonus not paid — Q1 2026',
   'I referred two successful hires in Q1 2026. Referral bonus has not been credited.',
   'HR_REQUEST', 'MEDIUM', 'OPEN',
   3, NULL, 2,
   24,
   NOW() - INTERVAL '21 days', NOW() - INTERVAL '17 days',
   NULL,
   NULL),
  (409,
   'Invoice approval pending for vendor Kofi & Sons',
   'Invoice #31893 from Zenith Supplies awaiting approval since 9 days. Payment overdue.',
   'FINANCE', 'LOW', 'CLOSED',
   9, 17, 4,
   48,
   NOW() - INTERVAL '27 days', NOW() - INTERVAL '17 days',
   NOW() - INTERVAL '27 days 48 hours',
   NOW() - INTERVAL '2 days'),
  (410,
   'VAT refund application status',
   'VAT refund application ref R-002 submitted 8 days ago. No update received from GRA.',
   'FINANCE', 'LOW', 'IN_PROGRESS',
   10, 17, 4,
   48,
   NOW() - INTERVAL '1 days', NOW() - INTERVAL '1 days',
   NOW() - INTERVAL '1 days 45 hours',
   NULL),
  (411,
   'Request for employment verification letter',
   'Require a signed employment verification letter for mortgage application.',
   'HR_REQUEST', 'LOW', 'OPEN',
   8, NULL, 2,
   48,
   NOW() - INTERVAL '44 days', NOW() - INTERVAL '26 days',
   NULL,
   NULL),
  (412,
   'Broken window blind in office 4C',
   'Blind in office 4C is stuck and cannot be adjusted. Sun glare affects screens.',
   'FACILITIES', 'MEDIUM', 'CLOSED',
   22, 6, 3,
   24,
   NOW() - INTERVAL '26 days', NOW() - INTERVAL '20 days',
   NOW() - INTERVAL '26 days 19 hours',
   NOW() - INTERVAL '4 days'),
  (413,
   'Broken window blind in office 2A',
   'Blind in office 3B is stuck and cannot be adjusted. Sun glare affects screens.',
   'FACILITIES', 'LOW', 'RESOLVED',
   19, 6, 3,
   48,
   NOW() - INTERVAL '44 days', NOW() - INTERVAL '17 days',
   NOW() - INTERVAL '44 days 22 hours',
   NOW() - INTERVAL '0 days'),
  (414,
   'Referral bonus not paid — Q1 2026',
   'I referred two successful hires in Q1 2026. Referral bonus has not been credited.',
   'HR_REQUEST', 'HIGH', 'ASSIGNED',
   29, 5, 2,
   8,
   NOW() - INTERVAL '33 days', NOW() - INTERVAL '2 days',
   NOW() - INTERVAL '33 days 6 hours',
   NULL),
  (415,
   'Broken window blind in office Training Room 2',
   'Blind in office 5A is stuck and cannot be adjusted. Sun glare affects screens.',
   'FACILITIES', 'MEDIUM', 'OPEN',
   27, NULL, 3,
   24,
   NOW() - INTERVAL '3 days', NOW() - INTERVAL '3 days',
   NULL,
   NULL),
  (416,
   'Browser extension blocking internal portal',
   'Chrome extension appears to block the internal finance portal. Need IT guidance.',
   'IT_SUPPORT', 'LOW', 'RESOLVED',
   24, 2, 1,
   48,
   NOW() - INTERVAL '47 days', NOW() - INTERVAL '10 days',
   NOW() - INTERVAL '47 days 34 hours',
   NOW() - INTERVAL '9 days'),
  (417,
   'Two-factor auth app lost — phone replaced',
   'Got a new phone and lost access to authenticator. Need 2FA reset on SSO account.',
   'IT_SUPPORT', 'LOW', 'IN_PROGRESS',
   18, 2, 1,
   48,
   NOW() - INTERVAL '56 days', NOW() - INTERVAL '18 days',
   NOW() - INTERVAL '56 days 33 hours',
   NULL),
  (418,
   'Monitor not detected on docking station',
   'Dual-monitor setup stopped working after Windows update. Only one screen recognised.',
   'IT_SUPPORT', 'HIGH', 'IN_PROGRESS',
   19, 2, 1,
   8,
   NOW() - INTERVAL '35 days', NOW() - INTERVAL '3 days',
   NOW() - INTERVAL '35 days 4 hours',
   NULL),
  (419,
   'Password reset request for Salesforce',
   'Locked out of GitHub after multiple failed attempts. Needs immediate reset.',
   'IT_SUPPORT', 'MEDIUM', 'IN_PROGRESS',
   27, 2, 1,
   24,
   NOW() - INTERVAL '17 days', NOW() - INTERVAL '9 days',
   NOW() - INTERVAL '17 days 20 hours',
   NULL),
  (420,
   'DNS resolution failing on finance subnet',
   'Intermittent DNS failures on the 10.20.x.x subnet since Tuesday. Affects ERP access.',
   'IT_SUPPORT', 'LOW', 'ASSIGNED',
   5, 2, 1,
   48,
   NOW() - INTERVAL '17 days', NOW() - INTERVAL '1 days',
   NOW() - INTERVAL '17 days 45 hours',
   NULL),
  (421,
   'Zoom audio not working in meeting room Training Room 2',
   'Microphone/speakers in meeting room Training Room 2 do not function with Zoom on the room PC.',
   'IT_SUPPORT', 'CRITICAL', 'RESOLVED',
   11, 2, 1,
   4,
   NOW() - INTERVAL '23 days', NOW() - INTERVAL '1 days',
   NOW() - INTERVAL '23 days 4 hours',
   NOW() - INTERVAL '0 days'),
  (422,
   'Pest sighting in pantry — Floor 5',
   'Cockroach sighting in Floor 5 pantry. Requires immediate pest control.',
   'FACILITIES', 'LOW', 'CLOSED',
   21, 6, 3,
   48,
   NOW() - INTERVAL '37 days', NOW() - INTERVAL '37 days',
   NOW() - INTERVAL '37 days 46 hours',
   NOW() - INTERVAL '4 days'),
  (423,
   'Pest sighting in pantry — Floor 5',
   'Cockroach sighting in Floor 3 pantry. Requires immediate pest control.',
   'FACILITIES', 'HIGH', 'CLOSED',
   8, 6, 3,
   8,
   NOW() - INTERVAL '7 days', NOW() - INTERVAL '2 days',
   NOW() - INTERVAL '7 days 4 hours',
   NOW() - INTERVAL '1 days'),
  (424,
   'Vendor bank details update request',
   'Vendor Accra IT Hub has changed banking details. Needs update in finance system before next run.',
   'FINANCE', 'MEDIUM', 'IN_PROGRESS',
   3, 16, 4,
   24,
   NOW() - INTERVAL '26 days', NOW() - INTERVAL '18 days',
   NOW() - INTERVAL '26 days 12 hours',
   NULL),
  (425,
   'Duplicate payment detected — vendor Nasco Catering',
   'Invoice #92514 was paid twice on 2026-03-28. Total duplicate: GHC 29,553. Recovery needed.',
   'FINANCE', 'HIGH', 'CLOSED',
   8, 17, 4,
   8,
   NOW() - INTERVAL '49 days', NOW() - INTERVAL '14 days',
   NOW() - INTERVAL '49 days 1 hours',
   NOW() - INTERVAL '0 days'),
  (426,
   'Broken locker — ref R-002',
   'Locker P-1141 latch is broken. Personal items cannot be secured.',
   'FACILITIES', 'MEDIUM', 'OPEN',
   14, NULL, 3,
   24,
   NOW() - INTERVAL '15 days', NOW() - INTERVAL '8 days',
   NULL,
   NULL),
  (427,
   'Shared drive permissions update needed',
   'New team member needs read/write access to the Finance shared drive.',
   'IT_SUPPORT', 'LOW', 'CLOSED',
   14, 2, 1,
   48,
   NOW() - INTERVAL '13 days', NOW() - INTERVAL '5 days',
   NOW() - INTERVAL '13 days 26 hours',
   NOW() - INTERVAL '0 days'),
  (428,
   'VPN connectivity issue from remote location',
   'Unable to connect to corporate VPN. Error code ERR_NETWORK.',
   'IT_SUPPORT', 'HIGH', 'ASSIGNED',
   4, 2, 1,
   8,
   NOW() - INTERVAL '28 days', NOW() - INTERVAL '8 days',
   NOW() - INTERVAL '28 days 5 hours',
   NULL),
  (429,
   'VAT refund application status',
   'VAT refund application ref R-002 submitted 6 days ago. No update received from GRA.',
   'FINANCE', 'MEDIUM', 'CLOSED',
   21, 16, 4,
   24,
   NOW() - INTERVAL '35 days', NOW() - INTERVAL '20 days',
   NOW() - INTERVAL '35 days 14 hours',
   NOW() - INTERVAL '0 days'),
  (430,
   'Two-factor auth app lost — phone replaced',
   'Got a new phone and lost access to authenticator. Need 2FA reset on SSO account.',
   'IT_SUPPORT', 'MEDIUM', 'RESOLVED',
   21, 2, 1,
   24,
   NOW() - INTERVAL '5 days', NOW() - INTERVAL '4 days',
   NOW() - INTERVAL '5 days 5 hours',
   NOW() - INTERVAL '2 days'),
  (431,
   'Broken socket in workstation bay A-12',
   'Power socket at bay C-21 is not working. Extension lead being used as workaround.',
   'FACILITIES', 'LOW', 'CLOSED',
   10, 6, 3,
   48,
   NOW() - INTERVAL '29 days', NOW() - INTERVAL '12 days',
   NOW() - INTERVAL '29 days 31 hours',
   NOW() - INTERVAL '3 days'),
  (432,
   'Browser extension blocking internal portal',
   'Chrome extension appears to block the internal finance portal. Need IT guidance.',
   'IT_SUPPORT', 'LOW', 'CLOSED',
   14, 2, 1,
   48,
   NOW() - INTERVAL '25 days', NOW() - INTERVAL '23 days',
   NOW() - INTERVAL '25 days 40 hours',
   NOW() - INTERVAL '10 days'),
  (433,
   'Flickering lights in corridor C',
   'Fluorescent lights in corridor C have been flickering for over a week.',
   'FACILITIES', 'MEDIUM', 'IN_PROGRESS',
   13, 6, 3,
   24,
   NOW() - INTERVAL '12 days', NOW() - INTERVAL '5 days',
   NOW() - INTERVAL '12 days 13 hours',
   NULL),
  (434,
   'Cheque book request',
   'Department cheque book exhausted. Requesting new book from treasury for operational payments.',
   'FINANCE', 'LOW', 'IN_PROGRESS',
   20, 16, 4,
   48,
   NOW() - INTERVAL '4 days', NOW() - INTERVAL '1 days',
   NOW() - INTERVAL '4 days 34 hours',
   NULL),
  (435,
   'Intercompany transfer not reflected',
   'Transfer of GHC 33,937 to subsidiary account not showing in ERP after 13 days.',
   'FINANCE', 'HIGH', 'OPEN',
   14, NULL, 4,
   8,
   NOW() - INTERVAL '12 days', NOW() - INTERVAL '7 days',
   NULL,
   NULL),
  (436,
   'Overtime approval for budget close week',
   'Requesting pre-approval for overtime during month-end close 2026-03-28 to 2026-03-31.',
   'HR_REQUEST', 'HIGH', 'RESOLVED',
   22, 5, 2,
   8,
   NOW() - INTERVAL '47 days', NOW() - INTERVAL '37 days',
   NOW() - INTERVAL '47 days 7 hours',
   NOW() - INTERVAL '23 days'),
  (437,
   'Flickering lights in corridor D',
   'Fluorescent lights in corridor A have been flickering for over a week.',
   'FACILITIES', 'HIGH', 'ASSIGNED',
   12, 6, 3,
   8,
   NOW() - INTERVAL '25 days', NOW() - INTERVAL '18 days',
   NOW() - INTERVAL '25 days 8 hours',
   NULL),
  (438,
   'Laptop battery draining too fast',
   'Battery lasts less than 2 hours on a full charge. Device is 18 months old.',
   'IT_SUPPORT', 'LOW', 'ASSIGNED',
   11, 2, 1,
   48,
   NOW() - INTERVAL '11 days', NOW() - INTERVAL '3 days',
   NOW() - INTERVAL '11 days 46 hours',
   NULL),
  (439,
   'Sick leave balance incorrect',
   'Portal shows 0 sick days remaining but I have only used 3 of the 10 allotted days.',
   'HR_REQUEST', 'LOW', 'IN_PROGRESS',
   6, 5, 2,
   48,
   NOW() - INTERVAL '12 days', NOW() - INTERVAL '1 days',
   NOW() - INTERVAL '12 days 30 hours',
   NULL),
  (440,
   'Payslip not generated for October 2026',
   'My payslip for January 2026 is not visible in the self-service portal.',
   'HR_REQUEST', 'MEDIUM', 'RESOLVED',
   20, 5, 2,
   24,
   NOW() - INTERVAL '11 days', NOW() - INTERVAL '6 days',
   NOW() - INTERVAL '11 days 10 hours',
   NOW() - INTERVAL '1 days'),
  (441,
   'Overtime approval for budget close week',
   'Requesting pre-approval for overtime during month-end close 2026-03-28 to 2026-03-31.',
   'HR_REQUEST', 'HIGH', 'CLOSED',
   22, 5, 2,
   8,
   NOW() - INTERVAL '12 days', NOW() - INTERVAL '0 days',
   NOW() - INTERVAL '12 days 1 hours',
   NOW() - INTERVAL '0 days'),
  (442,
   'Leaking tap in kitchen — Floor 1',
   'Kitchen tap on Floor 4 drips continuously. Water wastage and slip risk.',
   'FACILITIES', 'HIGH', 'RESOLVED',
   23, 6, 3,
   8,
   NOW() - INTERVAL '43 days', NOW() - INTERVAL '1 days',
   NOW() - INTERVAL '43 days 2 hours',
   NOW() - INTERVAL '1 days'),
  (443,
   'Remote work arrangement approval',
   'Requesting formal WFH arrangement (3 days/week). Team lead has verbally approved.',
   'HR_REQUEST', 'LOW', 'ASSIGNED',
   6, 5, 2,
   48,
   NOW() - INTERVAL '29 days', NOW() - INTERVAL '4 days',
   NOW() - INTERVAL '29 days 47 hours',
   NULL),
  (444,
   'Revolving door stuck at main entrance',
   'Main entrance revolving door sticks intermittently. Accessibility concern for visitors.',
   'FACILITIES', 'CRITICAL', 'ASSIGNED',
   12, 6, 3,
   4,
   NOW() - INTERVAL '9 days', NOW() - INTERVAL '0 days',
   NOW() - INTERVAL '9 days 2 hours',
   NULL),
  (445,
   'Change of preferred name in HR system',
   'Requesting update of preferred name in the HR system and email directory.',
   'HR_REQUEST', 'MEDIUM', 'ASSIGNED',
   10, 5, 2,
   24,
   NOW() - INTERVAL '18 days', NOW() - INTERVAL '1 days',
   NOW() - INTERVAL '18 days 6 hours',
   NULL),
  (446,
   'Broken shower in gym changing room',
   'Shower stall 3 in the gym changing room has no hot water. 6 shower users affected.',
   'FACILITIES', 'MEDIUM', 'IN_PROGRESS',
   29, 6, 3,
   24,
   NOW() - INTERVAL '24 days', NOW() - INTERVAL '9 days',
   NOW() - INTERVAL '24 days 14 hours',
   NULL),
  (447,
   'Monitor not detected on docking station',
   'Dual-monitor setup stopped working after Windows update. Only one screen recognised.',
   'IT_SUPPORT', 'MEDIUM', 'CLOSED',
   6, 2, 1,
   24,
   NOW() - INTERVAL '46 days', NOW() - INTERVAL '3 days',
   NOW() - INTERVAL '46 days 15 hours',
   NOW() - INTERVAL '0 days'),
  (448,
   'Remote desktop latency extremely high',
   'RDP sessions to the office workstation have >500ms latency from home office.',
   'IT_SUPPORT', 'MEDIUM', 'ASSIGNED',
   26, 2, 1,
   24,
   NOW() - INTERVAL '39 days', NOW() - INTERVAL '25 days',
   NOW() - INTERVAL '39 days 6 hours',
   NULL),
  (449,
   'Monitor not detected on docking station',
   'Dual-monitor setup stopped working after Windows update. Only one screen recognised.',
   'IT_SUPPORT', 'HIGH', 'IN_PROGRESS',
   27, 2, 1,
   8,
   NOW() - INTERVAL '37 days', NOW() - INTERVAL '0 days',
   NOW() - INTERVAL '37 days 6 hours',
   NULL),
  (450,
   'Contract renewal inquiry',
   'Fixed-term contract ends 2026-06-30. Requesting confirmation of renewal or next steps.',
   'HR_REQUEST', 'LOW', 'ASSIGNED',
   8, 5, 2,
   48,
   NOW() - INTERVAL '28 days', NOW() - INTERVAL '5 days',
   NOW() - INTERVAL '28 days 14 hours',
   NULL),
  (451,
   'Air conditioning too cold in section E5',
   'Temperature in section D4 consistently 17°C. Multiple employees uncomfortable.',
   'FACILITIES', 'MEDIUM', 'IN_PROGRESS',
   21, 6, 3,
   24,
   NOW() - INTERVAL '58 days', NOW() - INTERVAL '9 days',
   NOW() - INTERVAL '58 days 4 hours',
   NULL),
  (452,
   'Fixed asset addition approval',
   'New asset Dell Server R750 (GHC 19,119) needs to be capitalised and added to fixed asset register.',
   'FINANCE', 'MEDIUM', 'OPEN',
   24, NULL, 4,
   24,
   NOW() - INTERVAL '26 days', NOW() - INTERVAL '2 days',
   NULL,
   NULL),
  (453,
   'Air conditioning too cold in section E5',
   'Temperature in section B2 consistently 17°C. Multiple employees uncomfortable.',
   'FACILITIES', 'HIGH', 'IN_PROGRESS',
   10, 6, 3,
   8,
   NOW() - INTERVAL '47 days', NOW() - INTERVAL '24 days',
   NOW() - INTERVAL '47 days 6 hours',
   NULL),
  (454,
   'DNS resolution failing on finance subnet',
   'Intermittent DNS failures on the 10.20.x.x subnet since Tuesday. Affects ERP access.',
   'IT_SUPPORT', 'CRITICAL', 'CLOSED',
   29, 2, 1,
   4,
   NOW() - INTERVAL '18 days', NOW() - INTERVAL '17 days',
   NOW() - INTERVAL '18 days 4 hours',
   NOW() - INTERVAL '17 days'),
  (455,
   'Wi-Fi keeps dropping in 5A',
   'Wireless connection drops every 15-20 minutes in 3B. Multiple users affected.',
   'IT_SUPPORT', 'LOW', 'IN_PROGRESS',
   6, 2, 1,
   48,
   NOW() - INTERVAL '22 days', NOW() - INTERVAL '22 days',
   NOW() - INTERVAL '22 days 2 hours',
   NULL),
  (456,
   'Two-factor auth app lost — phone replaced',
   'Got a new phone and lost access to authenticator. Need 2FA reset on SSO account.',
   'IT_SUPPORT', 'LOW', 'IN_PROGRESS',
   18, 2, 1,
   48,
   NOW() - INTERVAL '51 days', NOW() - INTERVAL '14 days',
   NOW() - INTERVAL '51 days 21 hours',
   NULL),
  (457,
   'USB-C adapter not charging laptop',
   'Provided USB-C adapter stopped charging after firmware update last week.',
   'IT_SUPPORT', 'LOW', 'RESOLVED',
   4, 2, 1,
   48,
   NOW() - INTERVAL '54 days', NOW() - INTERVAL '38 days',
   NOW() - INTERVAL '54 days 35 hours',
   NOW() - INTERVAL '35 days'),
  (458,
   'USB-C adapter not charging laptop',
   'Provided USB-C adapter stopped charging after firmware update last week.',
   'IT_SUPPORT', 'LOW', 'RESOLVED',
   12, 2, 1,
   48,
   NOW() - INTERVAL '28 days', NOW() - INTERVAL '27 days',
   NOW() - INTERVAL '28 days 24 hours',
   NOW() - INTERVAL '15 days'),
  (459,
   'Browser extension blocking internal portal',
   'Chrome extension appears to block the internal finance portal. Need IT guidance.',
   'IT_SUPPORT', 'LOW', 'CLOSED',
   30, 2, 1,
   48,
   NOW() - INTERVAL '28 days', NOW() - INTERVAL '28 days',
   NOW() - INTERVAL '28 days 31 hours',
   NOW() - INTERVAL '22 days'),
  (460,
   'Fire extinguisher inspection overdue',
   'Fire extinguisher on Floor 2 shows last inspection date over 12 months ago.',
   'FACILITIES', 'HIGH', 'IN_PROGRESS',
   30, 6, 3,
   8,
   NOW() - INTERVAL '60 days', NOW() - INTERVAL '51 days',
   NOW() - INTERVAL '60 days 5 hours',
   NULL),
  (461,
   'Sick leave balance incorrect',
   'Portal shows 0 sick days remaining but I have only used 3 of the 10 allotted days.',
   'HR_REQUEST', 'HIGH', 'CLOSED',
   4, 5, 2,
   8,
   NOW() - INTERVAL '44 days', NOW() - INTERVAL '27 days',
   NOW() - INTERVAL '44 days 5 hours',
   NOW() - INTERVAL '9 days'),
  (462,
   'DNS resolution failing on finance subnet',
   'Intermittent DNS failures on the 10.20.x.x subnet since Tuesday. Affects ERP access.',
   'IT_SUPPORT', 'MEDIUM', 'CLOSED',
   5, 2, 1,
   24,
   NOW() - INTERVAL '16 days', NOW() - INTERVAL '1 days',
   NOW() - INTERVAL '16 days 9 hours',
   NOW() - INTERVAL '1 days'),
  (463,
   'Foreign currency revaluation query',
   'USD-denominated payable shows inconsistent FX rate in ERP vs Central Bank rate for December.',
   'FINANCE', 'LOW', 'IN_PROGRESS',
   14, 16, 4,
   48,
   NOW() - INTERVAL '31 days', NOW() - INTERVAL '13 days',
   NOW() - INTERVAL '31 days 29 hours',
   NULL),
  (464,
   'Cheque book request',
   'Department cheque book exhausted. Requesting new book from treasury for operational payments.',
   'FINANCE', 'MEDIUM', 'CLOSED',
   27, 17, 4,
   24,
   NOW() - INTERVAL '12 days', NOW() - INTERVAL '4 days',
   NOW() - INTERVAL '12 days 5 hours',
   NOW() - INTERVAL '1 days'),
  (465,
   'Contract renewal inquiry',
   'Fixed-term contract ends 2026-06-30. Requesting confirmation of renewal or next steps.',
   'HR_REQUEST', 'MEDIUM', 'OPEN',
   3, NULL, 2,
   24,
   NOW() - INTERVAL '33 days', NOW() - INTERVAL '30 days',
   NULL,
   NULL),
  (466,
   'Revolving door stuck at main entrance',
   'Main entrance revolving door sticks intermittently. Accessibility concern for visitors.',
   'FACILITIES', 'LOW', 'CLOSED',
   15, 6, 3,
   48,
   NOW() - INTERVAL '1 days', NOW() - INTERVAL '1 days',
   NOW() - INTERVAL '1 days 18 hours',
   NOW() - INTERVAL '1 days'),
  (467,
   'Referral bonus not paid — Q1 2026',
   'I referred two successful hires in Q1 2026. Referral bonus has not been credited.',
   'HR_REQUEST', 'MEDIUM', 'ASSIGNED',
   7, 5, 2,
   24,
   NOW() - INTERVAL '35 days', NOW() - INTERVAL '25 days',
   NOW() - INTERVAL '35 days 6 hours',
   NULL),
  (468,
   'Overtime approval for budget close week',
   'Requesting pre-approval for overtime during month-end close 2026-03-28 to 2026-03-31.',
   'HR_REQUEST', 'MEDIUM', 'CLOSED',
   15, 5, 2,
   24,
   NOW() - INTERVAL '20 days', NOW() - INTERVAL '2 days',
   NOW() - INTERVAL '20 days 18 hours',
   NOW() - INTERVAL '0 days'),
  (469,
   'Antivirus alert — quarantined file',
   'Endpoint AV quarantined file in %APPDATA%. Need IT to verify it is a false positive.',
   'IT_SUPPORT', 'LOW', 'RESOLVED',
   11, 2, 1,
   48,
   NOW() - INTERVAL '18 days', NOW() - INTERVAL '4 days',
   NOW() - INTERVAL '18 days 7 hours',
   NOW() - INTERVAL '4 days'),
  (470,
   'Contract renewal inquiry',
   'Fixed-term contract ends 2026-06-30. Requesting confirmation of renewal or next steps.',
   'HR_REQUEST', 'HIGH', 'RESOLVED',
   3, 5, 2,
   8,
   NOW() - INTERVAL '6 days', NOW() - INTERVAL '3 days',
   NOW() - INTERVAL '6 days 3 hours',
   NOW() - INTERVAL '1 days'),
  (471,
   'VPN connectivity issue from remote location',
   'Unable to connect to corporate VPN. Error code E4.',
   'IT_SUPPORT', 'LOW', 'IN_PROGRESS',
   30, 2, 1,
   48,
   NOW() - INTERVAL '38 days', NOW() - INTERVAL '20 days',
   NOW() - INTERVAL '38 days 44 hours',
   NULL),
  (472,
   'Budget code correction on PO #6527',
   'Purchase order #9247 was coded to wrong cost centre. Requires correction before close.',
   'FINANCE', 'LOW', 'CLOSED',
   28, 16, 4,
   48,
   NOW() - INTERVAL '3 days', NOW() - INTERVAL '2 days',
   NOW() - INTERVAL '3 days 22 hours',
   NOW() - INTERVAL '0 days'),
  (473,
   'Expense report reimbursement — June 2026',
   'Expense report submitted for March 2026 (total: GHC 33,760). Not yet reimbursed.',
   'FINANCE', 'MEDIUM', 'ASSIGNED',
   30, 17, 4,
   24,
   NOW() - INTERVAL '26 days', NOW() - INTERVAL '4 days',
   NOW() - INTERVAL '26 days 18 hours',
   NULL),
  (474,
   'Duplicate payment detected — vendor Zenith Supplies',
   'Invoice #95809 was paid twice on 2026-03-31. Total duplicate: GHC 2,596. Recovery needed.',
   'FINANCE', 'LOW', 'CLOSED',
   3, 16, 4,
   48,
   NOW() - INTERVAL '22 days', NOW() - INTERVAL '9 days',
   NOW() - INTERVAL '22 days 46 hours',
   NOW() - INTERVAL '7 days'),
  (475,
   'Change of preferred name in HR system',
   'Requesting update of preferred name in the HR system and email directory.',
   'HR_REQUEST', 'LOW', 'CLOSED',
   6, 5, 2,
   48,
   NOW() - INTERVAL '46 days', NOW() - INTERVAL '12 days',
   NOW() - INTERVAL '46 days 9 hours',
   NOW() - INTERVAL '7 days'),
  (476,
   'Request for employment verification letter',
   'Require a signed employment verification letter for mortgage application.',
   'HR_REQUEST', 'HIGH', 'CLOSED',
   26, 5, 2,
   8,
   NOW() - INTERVAL '10 days', NOW() - INTERVAL '0 days',
   NOW() - INTERVAL '10 days 6 hours',
   NOW() - INTERVAL '0 days'),
  (477,
   'Workplace accommodation request',
   'Requesting ergonomic chair and footrest due to physiotherapist recommendation.',
   'HR_REQUEST', 'HIGH', 'ASSIGNED',
   13, 5, 2,
   8,
   NOW() - INTERVAL '14 days', NOW() - INTERVAL '2 days',
   NOW() - INTERVAL '14 days 6 hours',
   NULL),
  (478,
   'Delivery access issue — loading bay',
   'Loading bay shutter operates only manually. Scheduled deliveries cannot proceed unattended.',
   'FACILITIES', 'CRITICAL', 'IN_PROGRESS',
   18, 6, 3,
   4,
   NOW() - INTERVAL '16 days', NOW() - INTERVAL '0 days',
   NOW() - INTERVAL '16 days 2 hours',
   NULL),
  (479,
   'USB-C adapter not charging laptop',
   'Provided USB-C adapter stopped charging after firmware update last week.',
   'IT_SUPPORT', 'LOW', 'CLOSED',
   3, 2, 1,
   48,
   NOW() - INTERVAL '1 days', NOW() - INTERVAL '1 days',
   NOW() - INTERVAL '1 days 8 hours',
   NOW() - INTERVAL '0 days'),
  (480,
   'Contract renewal inquiry',
   'Fixed-term contract ends 2026-06-30. Requesting confirmation of renewal or next steps.',
   'HR_REQUEST', 'CRITICAL', 'ASSIGNED',
   27, 5, 2,
   4,
   NOW() - INTERVAL '25 days', NOW() - INTERVAL '17 days',
   NOW() - INTERVAL '25 days 1 hours',
   NULL),
  (481,
   'Remote desktop latency extremely high',
   'RDP sessions to the office workstation have >500ms latency from home office.',
   'IT_SUPPORT', 'LOW', 'IN_PROGRESS',
   11, 2, 1,
   48,
   NOW() - INTERVAL '47 days', NOW() - INTERVAL '8 days',
   NOW() - INTERVAL '47 days 48 hours',
   NULL),
  (482,
   'Shared drive permissions update needed',
   'New team member needs read/write access to the Finance shared drive.',
   'IT_SUPPORT', 'HIGH', 'CLOSED',
   14, 2, 1,
   8,
   NOW() - INTERVAL '60 days', NOW() - INTERVAL '53 days',
   NOW() - INTERVAL '60 days 8 hours',
   NOW() - INTERVAL '29 days'),
  (483,
   'Performance review scheduling',
   'Annual performance review still not scheduled. HR deadline is end of month.',
   'HR_REQUEST', 'MEDIUM', 'IN_PROGRESS',
   22, 5, 2,
   24,
   NOW() - INTERVAL '54 days', NOW() - INTERVAL '26 days',
   NOW() - INTERVAL '54 days 13 hours',
   NULL),
  (484,
   'Monitor not detected on docking station',
   'Dual-monitor setup stopped working after Windows update. Only one screen recognised.',
   'IT_SUPPORT', 'HIGH', 'OPEN',
   12, NULL, 1,
   8,
   NOW() - INTERVAL '10 days', NOW() - INTERVAL '4 days',
   NULL,
   NULL),
  (485,
   'Remote desktop latency extremely high',
   'RDP sessions to the office workstation have >500ms latency from home office.',
   'IT_SUPPORT', 'LOW', 'CLOSED',
   4, 2, 1,
   48,
   NOW() - INTERVAL '5 days', NOW() - INTERVAL '0 days',
   NOW() - INTERVAL '5 days 46 hours',
   NOW() - INTERVAL '0 days'),
  (486,
   'Two-factor auth app lost — phone replaced',
   'Got a new phone and lost access to authenticator. Need 2FA reset on SSO account.',
   'IT_SUPPORT', 'LOW', 'OPEN',
   27, NULL, 1,
   48,
   NOW() - INTERVAL '59 days', NOW() - INTERVAL '0 days',
   NULL,
   NULL),
  (487,
   'Payroll tax withholding query',
   'Tax withheld on March payslip appears higher than PAYE band. Requesting calculation sheet.',
   'FINANCE', 'HIGH', 'ASSIGNED',
   13, 17, 4,
   8,
   NOW() - INTERVAL '14 days', NOW() - INTERVAL '11 days',
   NOW() - INTERVAL '14 days 1 hours',
   NULL),
  (488,
   'Wi-Fi keeps dropping in Training Room 2',
   'Wireless connection drops every 15-20 minutes in 4C. Multiple users affected.',
   'IT_SUPPORT', 'CRITICAL', 'CLOSED',
   26, 2, 1,
   4,
   NOW() - INTERVAL '45 days', NOW() - INTERVAL '33 days',
   NOW() - INTERVAL '45 days 4 hours',
   NOW() - INTERVAL '21 days'),
  (489,
   'Two-factor auth app lost — phone replaced',
   'Got a new phone and lost access to authenticator. Need 2FA reset on SSO account.',
   'IT_SUPPORT', 'MEDIUM', 'ASSIGNED',
   26, 2, 1,
   24,
   NOW() - INTERVAL '8 days', NOW() - INTERVAL '6 days',
   NOW() - INTERVAL '8 days 1 hours',
   NULL),
  (490,
   'Email quota exceeded',
   'Mailbox at 100% capacity. Emails are bouncing. Requesting quota increase.',
   'IT_SUPPORT', 'HIGH', 'CLOSED',
   10, 2, 1,
   8,
   NOW() - INTERVAL '58 days', NOW() - INTERVAL '33 days',
   NOW() - INTERVAL '58 days 3 hours',
   NOW() - INTERVAL '0 days'),
  (491,
   'Workplace accommodation request',
   'Requesting ergonomic chair and footrest due to physiotherapist recommendation.',
   'HR_REQUEST', 'HIGH', 'CLOSED',
   22, 5, 2,
   8,
   NOW() - INTERVAL '58 days', NOW() - INTERVAL '35 days',
   NOW() - INTERVAL '58 days 3 hours',
   NOW() - INTERVAL '5 days'),
  (492,
   'Request for employment verification letter',
   'Require a signed employment verification letter for mortgage application.',
   'HR_REQUEST', 'LOW', 'IN_PROGRESS',
   25, 5, 2,
   48,
   NOW() - INTERVAL '56 days', NOW() - INTERVAL '51 days',
   NOW() - INTERVAL '56 days 16 hours',
   NULL),
  (493,
   'Browser extension blocking internal portal',
   'Chrome extension appears to block the internal finance portal. Need IT guidance.',
   'IT_SUPPORT', 'MEDIUM', 'IN_PROGRESS',
   11, 2, 1,
   24,
   NOW() - INTERVAL '52 days', NOW() - INTERVAL '11 days',
   NOW() - INTERVAL '52 days 21 hours',
   NULL),
  (494,
   'Petty cash reconciliation discrepancy',
   'Petty cash box shows GHC 42,272 variance. Receipts attached. Needs finance sign-off.',
   'FINANCE', 'MEDIUM', 'OPEN',
   26, NULL, 4,
   24,
   NOW() - INTERVAL '6 days', NOW() - INTERVAL '1 days',
   NULL,
   NULL),
  (495,
   'VAT refund application status',
   'VAT refund application ref P-2208 submitted 15 days ago. No update received from GRA.',
   'FINANCE', 'CRITICAL', 'RESOLVED',
   27, 17, 4,
   4,
   NOW() - INTERVAL '13 days', NOW() - INTERVAL '1 days',
   NOW() - INTERVAL '13 days 1 hours',
   NOW() - INTERVAL '1 days'),
  (496,
   'Meeting room Boardroom booking system error',
   'Meeting room 3B shows available but door is locked. Booking system out of sync.',
   'FACILITIES', 'MEDIUM', 'CLOSED',
   5, 6, 3,
   24,
   NOW() - INTERVAL '53 days', NOW() - INTERVAL '12 days',
   NOW() - INTERVAL '53 days 13 hours',
   NOW() - INTERVAL '5 days'),
  (497,
   'Request for employment verification letter',
   'Require a signed employment verification letter for mortgage application.',
   'HR_REQUEST', 'LOW', 'ASSIGNED',
   18, 5, 2,
   48,
   NOW() - INTERVAL '28 days', NOW() - INTERVAL '9 days',
   NOW() - INTERVAL '28 days 16 hours',
   NULL),
  (498,
   'Relocation expense reimbursement',
   'Submitted relocation receipts totalling GHC 4,200 three weeks ago. Not yet reimbursed.',
   'HR_REQUEST', 'HIGH', 'RESOLVED',
   22, 5, 2,
   8,
   NOW() - INTERVAL '10 days', NOW() - INTERVAL '3 days',
   NOW() - INTERVAL '10 days 1 hours',
   NOW() - INTERVAL '2 days'),
  (499,
   'Two-factor auth app lost — phone replaced',
   'Got a new phone and lost access to authenticator. Need 2FA reset on SSO account.',
   'IT_SUPPORT', 'MEDIUM', 'ASSIGNED',
   5, 2, 1,
   24,
   NOW() - INTERVAL '47 days', NOW() - INTERVAL '39 days',
   NOW() - INTERVAL '47 days 8 hours',
   NULL),
  (500,
   'Remote desktop latency extremely high',
   'RDP sessions to the office workstation have >500ms latency from home office.',
   'IT_SUPPORT', 'CRITICAL', 'IN_PROGRESS',
   4, 2, 1,
   4,
   NOW() - INTERVAL '19 days', NOW() - INTERVAL '5 days',
   NOW() - INTERVAL '19 days 2 hours',
   NULL),
  (501,
   'Expense report reimbursement — March 2026',
   'Expense report submitted for September 2026 (total: GHC 14,882). Not yet reimbursed.',
   'FINANCE', 'LOW', 'ASSIGNED',
   4, 17, 4,
   48,
   NOW() - INTERVAL '14 days', NOW() - INTERVAL '13 days',
   NOW() - INTERVAL '14 days 21 hours',
   NULL),
  (502,
   'Antivirus alert — quarantined file',
   'Endpoint AV quarantined file in %APPDATA%. Need IT to verify it is a false positive.',
   'IT_SUPPORT', 'MEDIUM', 'IN_PROGRESS',
   28, 2, 1,
   24,
   NOW() - INTERVAL '43 days', NOW() - INTERVAL '27 days',
   NOW() - INTERVAL '43 days 15 hours',
   NULL),
  (503,
   'Flickering lights in corridor D',
   'Fluorescent lights in corridor B have been flickering for over a week.',
   'FACILITIES', 'CRITICAL', 'OPEN',
   19, NULL, 3,
   4,
   NOW() - INTERVAL '46 days', NOW() - INTERVAL '10 days',
   NULL,
   NULL),
  (504,
   'Revolving door stuck at main entrance',
   'Main entrance revolving door sticks intermittently. Accessibility concern for visitors.',
   'FACILITIES', 'HIGH', 'IN_PROGRESS',
   27, 6, 3,
   8,
   NOW() - INTERVAL '25 days', NOW() - INTERVAL '12 days',
   NOW() - INTERVAL '25 days 5 hours',
   NULL),
  (505,
   'Invoice approval pending for vendor Nasco Catering',
   'Invoice #12427 from Kofi & Sons awaiting approval since 19 days. Payment overdue.',
   'FINANCE', 'MEDIUM', 'RESOLVED',
   8, 17, 4,
   24,
   NOW() - INTERVAL '48 days', NOW() - INTERVAL '48 days',
   NOW() - INTERVAL '48 days 4 hours',
   NOW() - INTERVAL '31 days'),
  (506,
   'Workplace accommodation request',
   'Requesting ergonomic chair and footrest due to physiotherapist recommendation.',
   'HR_REQUEST', 'MEDIUM', 'ASSIGNED',
   11, 5, 2,
   24,
   NOW() - INTERVAL '2 days', NOW() - INTERVAL '0 days',
   NOW() - INTERVAL '2 days 1 hours',
   NULL),
  (507,
   'Software installation request — Adobe Acrobat',
   'Need WinSCP installed on workstation for ERP Migration project.',
   'IT_SUPPORT', 'MEDIUM', 'OPEN',
   14, NULL, 1,
   24,
   NOW() - INTERVAL '37 days', NOW() - INTERVAL '10 days',
   NULL,
   NULL),
  (508,
   'Remote desktop latency extremely high',
   'RDP sessions to the office workstation have >500ms latency from home office.',
   'IT_SUPPORT', 'LOW', 'RESOLVED',
   29, 2, 1,
   48,
   NOW() - INTERVAL '3 days', NOW() - INTERVAL '2 days',
   NOW() - INTERVAL '3 days 37 hours',
   NOW() - INTERVAL '2 days'),
  (509,
   'Payroll tax withholding query',
   'Tax withheld on March payslip appears higher than PAYE band. Requesting calculation sheet.',
   'FINANCE', 'HIGH', 'CLOSED',
   26, 16, 4,
   8,
   NOW() - INTERVAL '3 days', NOW() - INTERVAL '3 days',
   NOW() - INTERVAL '3 days 3 hours',
   NOW() - INTERVAL '3 days'),
  (510,
   'Remote desktop latency extremely high',
   'RDP sessions to the office workstation have >500ms latency from home office.',
   'IT_SUPPORT', 'LOW', 'CLOSED',
   12, 2, 1,
   48,
   NOW() - INTERVAL '33 days', NOW() - INTERVAL '7 days',
   NOW() - INTERVAL '33 days 6 hours',
   NOW() - INTERVAL '7 days'),
  (511,
   'Travel policy clarification — international trips',
   'Unclear on per diem rates and approval process for upcoming Singapore audit trip.',
   'HR_REQUEST', 'LOW', 'CLOSED',
   11, 5, 2,
   48,
   NOW() - INTERVAL '57 days', NOW() - INTERVAL '33 days',
   NOW() - INTERVAL '57 days 16 hours',
   NOW() - INTERVAL '0 days'),
  (512,
   'Software installation request — Tableau',
   'Need WinSCP installed on workstation for Q2 Analytics project.',
   'IT_SUPPORT', 'MEDIUM', 'ASSIGNED',
   29, 2, 1,
   24,
   NOW() - INTERVAL '1 days', NOW() - INTERVAL '0 days',
   NOW() - INTERVAL '1 days 7 hours',
   NULL),
  (513,
   'Guest Wi-Fi password rotation request',
   'Monthly guest Wi-Fi password has not been updated. Current one shared publicly.',
   'FACILITIES', 'CRITICAL', 'OPEN',
   21, NULL, 3,
   4,
   NOW() - INTERVAL '45 days', NOW() - INTERVAL '7 days',
   NULL,
   NULL),
  (514,
   'Pest sighting in pantry — Floor 5',
   'Cockroach sighting in Floor 1 pantry. Requires immediate pest control.',
   'FACILITIES', 'HIGH', 'RESOLVED',
   7, 6, 3,
   8,
   NOW() - INTERVAL '29 days', NOW() - INTERVAL '8 days',
   NOW() - INTERVAL '29 days 8 hours',
   NOW() - INTERVAL '2 days'),
  (515,
   'Vendor bank details update request',
   'Vendor Nasco Catering has changed banking details. Needs update in finance system before next run.',
   'FINANCE', 'MEDIUM', 'IN_PROGRESS',
   23, 16, 4,
   24,
   NOW() - INTERVAL '25 days', NOW() - INTERVAL '9 days',
   NOW() - INTERVAL '25 days 19 hours',
   NULL),
  (516,
   'Referral bonus not paid — Q1 2026',
   'I referred two successful hires in Q1 2026. Referral bonus has not been credited.',
   'HR_REQUEST', 'HIGH', 'IN_PROGRESS',
   10, 5, 2,
   8,
   NOW() - INTERVAL '17 days', NOW() - INTERVAL '3 days',
   NOW() - INTERVAL '17 days 6 hours',
   NULL),
  (517,
   'Wi-Fi keeps dropping in 5A',
   'Wireless connection drops every 15-20 minutes in Training Room 1. Multiple users affected.',
   'IT_SUPPORT', 'HIGH', 'CLOSED',
   3, 2, 1,
   8,
   NOW() - INTERVAL '41 days', NOW() - INTERVAL '13 days',
   NOW() - INTERVAL '41 days 7 hours',
   NOW() - INTERVAL '5 days'),
  (518,
   'Duplicate payment detected — vendor Zenith Supplies',
   'Invoice #23320 was paid twice on 2026-03-28. Total duplicate: GHC 49,063. Recovery needed.',
   'FINANCE', 'LOW', 'RESOLVED',
   13, 16, 4,
   48,
   NOW() - INTERVAL '14 days', NOW() - INTERVAL '14 days',
   NOW() - INTERVAL '14 days 41 hours',
   NOW() - INTERVAL '10 days'),
  (519,
   'Monitor not detected on docking station',
   'Dual-monitor setup stopped working after Windows update. Only one screen recognised.',
   'IT_SUPPORT', 'LOW', 'ASSIGNED',
   5, 2, 1,
   48,
   NOW() - INTERVAL '60 days', NOW() - INTERVAL '45 days',
   NOW() - INTERVAL '60 days 31 hours',
   NULL),
  (520,
   'Performance review scheduling',
   'Annual performance review still not scheduled. HR deadline is end of month.',
   'HR_REQUEST', 'LOW', 'CLOSED',
   4, 5, 2,
   48,
   NOW() - INTERVAL '20 days', NOW() - INTERVAL '19 days',
   NOW() - INTERVAL '20 days 6 hours',
   NOW() - INTERVAL '8 days'),
  (521,
   'USB-C adapter not charging laptop',
   'Provided USB-C adapter stopped charging after firmware update last week.',
   'IT_SUPPORT', 'HIGH', 'RESOLVED',
   10, 2, 1,
   8,
   NOW() - INTERVAL '28 days', NOW() - INTERVAL '1 days',
   NOW() - INTERVAL '28 days 8 hours',
   NOW() - INTERVAL '0 days'),
  (522,
   'Month-end accrual entry approval',
   'Accrual journal entry JE-R-001 for GHC 43,134 awaiting CFO approval. Deadline today.',
   'FINANCE', 'MEDIUM', 'RESOLVED',
   19, 17, 4,
   24,
   NOW() - INTERVAL '60 days', NOW() - INTERVAL '10 days',
   NOW() - INTERVAL '60 days 19 hours',
   NOW() - INTERVAL '6 days'),
  (523,
   'Two-factor auth app lost — phone replaced',
   'Got a new phone and lost access to authenticator. Need 2FA reset on SSO account.',
   'IT_SUPPORT', 'LOW', 'CLOSED',
   29, 2, 1,
   48,
   NOW() - INTERVAL '40 days', NOW() - INTERVAL '39 days',
   NOW() - INTERVAL '40 days 47 hours',
   NOW() - INTERVAL '29 days'),
  (524,
   'Invoice approval pending for vendor TechBridge Ltd',
   'Invoice #37227 from Accra IT Hub awaiting approval since 5 days. Payment overdue.',
   'FINANCE', 'HIGH', 'RESOLVED',
   9, 17, 4,
   8,
   NOW() - INTERVAL '32 days', NOW() - INTERVAL '10 days',
   NOW() - INTERVAL '32 days 7 hours',
   NOW() - INTERVAL '8 days'),
  (525,
   'Foreign currency revaluation query',
   'USD-denominated payable shows inconsistent FX rate in ERP vs Central Bank rate for June.',
   'FINANCE', 'MEDIUM', 'IN_PROGRESS',
   29, 16, 4,
   24,
   NOW() - INTERVAL '49 days', NOW() - INTERVAL '46 days',
   NOW() - INTERVAL '49 days 15 hours',
   NULL),
  (526,
   'Software installation request — WinSCP',
   'Need WinSCP installed on workstation for Audit Prep project.',
   'IT_SUPPORT', 'MEDIUM', 'IN_PROGRESS',
   13, 2, 1,
   24,
   NOW() - INTERVAL '14 days', NOW() - INTERVAL '6 days',
   NOW() - INTERVAL '14 days 13 hours',
   NULL),
  (527,
   'Performance review scheduling',
   'Annual performance review still not scheduled. HR deadline is end of month.',
   'HR_REQUEST', 'LOW', 'CLOSED',
   24, 5, 2,
   48,
   NOW() - INTERVAL '43 days', NOW() - INTERVAL '8 days',
   NOW() - INTERVAL '43 days 33 hours',
   NOW() - INTERVAL '3 days'),
  (528,
   'Email quota exceeded',
   'Mailbox at 100% capacity. Emails are bouncing. Requesting quota increase.',
   'IT_SUPPORT', 'MEDIUM', 'OPEN',
   20, NULL, 1,
   24,
   NOW() - INTERVAL '14 days', NOW() - INTERVAL '0 days',
   NULL,
   NULL),
  (529,
   'Payroll tax withholding query',
   'Tax withheld on March payslip appears higher than PAYE band. Requesting calculation sheet.',
   'FINANCE', 'LOW', 'RESOLVED',
   29, 17, 4,
   48,
   NOW() - INTERVAL '35 days', NOW() - INTERVAL '29 days',
   NOW() - INTERVAL '35 days 9 hours',
   NOW() - INTERVAL '27 days'),
  (530,
   'Laptop battery draining too fast',
   'Battery lasts less than 2 hours on a full charge. Device is 18 months old.',
   'IT_SUPPORT', 'CRITICAL', 'CLOSED',
   14, 2, 1,
   4,
   NOW() - INTERVAL '33 days', NOW() - INTERVAL '26 days',
   NOW() - INTERVAL '33 days 1 hours',
   NOW() - INTERVAL '5 days')
ON CONFLICT (id) DO NOTHING;


-- -----------------------------------------------------------------------------
-- SEQUENCE RESETS
-- -----------------------------------------------------------------------------
SELECT setval('departments_id_seq',      (SELECT MAX(id) FROM departments),      TRUE);
SELECT setval('users_id_seq',            (SELECT MAX(id) FROM users),            TRUE);
SELECT setval('service_requests_id_seq', (SELECT MAX(id) FROM service_requests), TRUE);
SELECT setval('sla_policies_id_seq',     (SELECT MAX(id) FROM sla_policies),     TRUE);

-- =============================================================================
-- SEED SUMMARY
-- =============================================================================
--  Departments:       4   (IT Support, HR, Facilities, Finance)
--  SLA Policies:     16   (4 categories × 4 priorities)
--  Users:            30   (2 ADMIN, 5 AGENT, 23 USER)
--  Service Requests: 500  (ids 31-530)
--
--  By category:  IT_SUPPORT ~30% | HR_REQUEST ~25% | FACILITIES ~25% | FINANCE ~20%
--
--  Status distribution:
--    OPEN | ASSIGNED | IN_PROGRESS | RESOLVED | CLOSED
--
--  Priority distribution:
--    CRITICAL | HIGH | MEDIUM | LOW
-- =============================================================================